doi,AA,temper,YS [MPa],UTS [MPa],elong [%],Hardness,Hardness UNIT,Has comp [True / False / nominal],Cu,Mn,Si,Mg,Zn,Cr,Fe,Ti,Zr,Ag,Be,Bi,C,Ca,Ce,Er,Ga,Ge,Hf,La,Li,Ni,P,Pb,Sc,Sn,Sr,V,Yb
10.1007/s10853-007-1604-z,7020,T6,,360.0,19.0,125.0,HV,True,0.12,0.29,0.12,1.25,4.32,0.13,0.29,0.028,0.14,,,,,,,,,,,,,0.004,,,,,,,
10.1007/s10853-009-3735-x,2024,T4,320.0,450.0,9.0,,,True,4.43,0.72,0.11,1.48,0.2,,0.26,,,,,,,,,,,,,,,,,,,,,,
10.1007/s10853-010-4609-y,6063,,,215,,,,True,0.022,0.002,0.4,0.5,0.002,0.001,0.194,0.01,,,,,,,,,,,,,,,,,,,,,
10.1007/s11661-008-9739-3,2024,T3,316,459,17.2,,,True,4.334,0.585,0.057,1.457,0.038,0.004,0.127,0.029,0.031,,,,,,,,,,,,,,,,,,,,
10.1007/s11661-009-0069-x,ADH19,T6,,,,,,False,,,,,,,,,,,,,,,,,,,,,,,,,,,,,
10.1007/s11661-009-0069-x,ALH19,T6,,,,,,False,,,,,,,,,,,,,,,,,,,,,,,,,,,,,
10.1007/s11661-009-0069-x,1050,H24,128,136,7,44.0,HV,True,0.01,0.04,0.12,0.01,0.01,0.02,0.42,0.02,,,,,,,,,,,,,,,,,,,,,
10.1007/s11661-009-0069-x,2024,T3,333,457,16,138.0,HV,True,5.49,0.4,0.07,1.07,0.32,0.07,0.08,0.03,,,,,,,,,,,,,,0.12,,,,,,,
10.1007/s11661-009-0069-x,7075,T6,475,545,8,188.0,HV,True,1.64,0.02,0.05,2.45,6.96,0.24,0.08,0.07,,,,,,,,,,,,,,,,,,,,,
10.1007/s11661-010-0377-1,AA2219,T87,,389,15.8,,,True,5.95,0.27,0.05,,0.02,,0.12,0.06,0.1,,,,,,,,,,,,,,,,,,,0.09,
10.1007/s11661-010-0395-z,7075,T6,427.0,561.0,13.6,,,True,1.88,0.15,0.11,2.57,5.96,0.23,0.3,0.03,,,,,,,,,,,,,,,,,,,,,
10.1007/s11661-010-0395-z,7075,T73,390.0,536.0,16.6,,,True,1.88,0.15,0.11,2.57,5.96,0.23,0.3,0.03,,,,,,,,,,,,,,,,,,,,,
10.1007/s11661-011-1044-x,7050,T7451,427.0,496.0,9.0,,,True,2.3,0.1,0.12,2.25,6.2,,0.15,0.06,0.065,,,,,,,,,,,,,,,,,,,,
10.1007/s11661-012-1121-9,6061,T6,287,315,16.4,,,True,,,0.6,1.0,,,0.2,,,,,,0.1,0.2,,,,,,,,,,,,,,,
10.1007/s11661-013-1778-8,2024,T351,,,,,,nominal,,,,,,,,,,,,,,,,,,,,,,,,,,,,,
10.1007/s11661-014-2207-3,206,T7,423.0,461.0,6.2,,,True,4.65,0.11,0.11,0.28,,,0.15,0.22,,,,,,,,,,,,,,,,,,,,,
10.1007/s11661-014-2207-3,206,T7,362.0,380.0,2.0,,,True,4.57,0.1,0.1,0.27,,,0.5,0.18,,,,,,,,,,,,,,,,,,,,,
10.1007/s11661-014-2207-3,206,T4,259.0,379.0,1.3,,,True,4.53,0.31,0.32,0.31,,,0.15,0.21,,,,,,,,,,,,,,,,,,,,,
10.1007/s11661-014-2207-3,206,T7,378.0,448.0,1.3,,,True,4.53,0.31,0.32,0.31,,,0.15,0.21,,,,,,,,,,,,,,,,,,,,,
10.1007/s11661-014-2207-3,206,T4,265.0,360.0,2.0,,,True,4.52,0.1,0.1,0.29,,,0.3,0.17,,,,,,,,,,,,,,,,,,,,,
10.1007/s11661-014-2207-3,206,T4,270.0,393.0,12.0,,,True,4.51,0.33,0.29,0.27,,,0.29,0.18,,,,,,,,,,,,,,,,,,,,,
10.1007/s11661-014-2207-3,206,T7,427.0,450.0,3.0,,,True,4.51,0.33,0.29,0.27,,,0.29,0.18,,,,,,,,,,,,,,,,,,,,,
10.1007/s11661-014-2207-3,206,T4,289.0,353.0,2.0,,,True,4.57,0.1,0.1,0.27,,,0.5,0.18,,,,,,,,,,,,,,,,,,,,,
10.1007/s11661-014-2207-3,206,T4,264.0,403.0,17.4,,,True,4.65,0.11,0.11,0.28,,,0.15,0.22,,,,,,,,,,,,,,,,,,,,,
10.1007/s11661-014-2207-3,206,T4,259.0,340.0,7.8,,,True,4.68,0.1,0.55,0.28,,,0.51,0.18,,,,,,,,,,,,,,,,,,,,,
10.1007/s11661-014-2207-3,206,T7,386.0,425.0,2.5,,,True,4.52,0.1,0.1,0.29,,,0.3,0.17,,,,,,,,,,,,,,,,,,,,,
10.1007/s11661-014-2207-3,A356.0,T6,205.0,285.0,12.0,,,nominal,,,,,,,0.2,,,,,,,,,,,,,,,,,,,,,,
10.1007/s11661-014-2207-3,206,T4,262.0,362.0,8.0,,,True,4.64,0.32,0.3,0.28,,,0.49,0.19,,,,,,,,,,,,,,,,,,,,,
10.1007/s11661-014-2207-3,206,T7,384.0,424.0,3.0,,,True,4.64,0.32,0.3,0.28,,,0.49,0.19,,,,,,,,,,,,,,,,,,,,,
10.1007/s11661-014-2207-3,357.0,T7,205.0,260.0,5.0,,,nominal,,,,,,,0.15,,,,,,,,,,,,,,,,,,,,,,
10.1007/s11661-014-2207-3,359.0,T6,255.0,330.0,6.0,,,nominal,,,,,,,0.2,,,,,,,,,,,,,,,,,,,,,,
10.1007/s11661-014-2207-3,A390.0,T7,262.0,262.0,1.0,,,nominal,,,,,,,0.5,,,,,,,,,,,,,,,,,,,,,,
10.1007/s11661-014-2207-3,206,T7,372.0,390.0,2.0,,,True,4.68,0.1,0.55,0.28,,,0.51,0.18,,,,,,,,,,,,,,,,,,,,,
10.1007/s11661-014-2494-8,A356,FSP+Age,253,305,11,,,nominal,,,,,,,,,,,,,,,,,,,,,,,,,,,,,
10.1007/s11661-014-2494-8,A356,T6,241,273,1.1,,,nominal,,,,,,,,,,,,,,,,,,,,,,,,,,,,,
10.1007/s11661-014-2494-8,A356,FSP,168,264,31,,,nominal,,,,,,,,,,,,,,,,,,,,,,,,,,,,,
10.1007/s11661-014-2494-8,A356,As-cast,81,162,1.8,,,nominal,,,,,,,,,,,,,,,,,,,,,,,,,,,,,
10.1007/s11661-014-2515-7,AlSi9Cu3(Fe),T1,160,333,5.3,,,True,2.846,0.257,8.314,0.251,0.897,0.08,0.793,,,,,0.013,,,,,,,,,,0.081,,0.083,,,,,
10.1007/s11661-014-2515-7,AlSi9Cu3(Fe),T1,173,344,5.0,,,True,2.846,0.257,8.314,0.251,0.897,0.08,0.793,,,,,0.013,,,,,,,,,,0.081,,0.083,,,,,
10.1007/s11661-014-2515-7,AlSi9Cu3(Fe),T1,148,306,4.6,,,True,2.846,0.257,8.314,0.251,0.897,0.08,0.793,,,,,0.013,,,,,,,,,,0.081,,0.083,,,,,
10.1007/s11661-016-3332-y,AA2319,,,,,,,True,6.1,0.29,0.04,,0.02,,0.1,0.15,0.15,,,,,,,,,,,,,,,,,,,0.1,
10.1007/s11661-016-3332-y,AA2219,T87,358,440,11.7,,,True,5.95,0.27,0.05,,0.02,,0.12,0.06,0.1,,,,,,,,,,,,,,,,,,,0.09,
10.1007/s11661-016-3332-y,AA2219,T87,376,459,11.6,,,True,5.95,0.27,0.05,,0.02,,0.12,0.06,0.1,,,,,,,,,,,,,,,,,,,0.09,
10.1007/s11661-016-3332-y,AA2219,T851,337,443,10.4,,,True,5.95,0.27,0.05,,0.02,,0.12,0.06,0.1,,,,,,,,,,,,,,,,,,,0.09,
10.1007/s11661-016-3332-y,AA2219,T851,348,449,3.8,,,True,5.95,0.27,0.05,,0.02,,0.12,0.06,0.1,,,,,,,,,,,,,,,,,,,0.09,
10.1007/s11661-016-3332-y,AA2219,T851,339,450,8.5,,,True,5.95,0.27,0.05,,0.02,,0.12,0.06,0.1,,,,,,,,,,,,,,,,,,,0.09,
10.1007/s11661-016-3375-0,1100,H18,177.2,188.3,5.6,,,True,0.08,0.05,0.2,,0.05,,0.42,,,,,,,,,,,,,,,,,,,,,0.01,
10.1007/s11661-016-3375-0,1100,H18,180.2,191.3,4.8,,,True,0.08,0.05,0.2,,0.05,,0.42,,,,,,,,,,,,,,,,,,,,,0.01,
10.1007/s11661-016-3375-0,1100,H18,165.3,175.3,6.2,,,True,0.08,0.05,0.2,,0.05,,0.42,,,,,,,,,,,,,,,,,,,,,0.01,
10.1007/s11661-016-3807-x,2219,WST 40 pct CR,461,453,4,126.0,BHN,nominal,,,,,,,,,,,,,,,,,,,,,,,,,,,,,
10.1007/s11661-016-3807-x,2219,T87,394,462,10,104.0,BHN,nominal,,,,,,,,,,,,,,,,,,,,,,,,,,,,,
10.1007/s11661-016-3807-x,2219,WST 30 pct CR,432,446,6,118.0,BHN,nominal,,,,,,,,,,,,,,,,,,,,,,,,,,,,,
10.1007/s11661-016-3807-x,2219,30 pct CR + ANN,219,361,19,73.0,BHN,nominal,,,,,,,,,,,,,,,,,,,,,,,,,,,,,
10.1007/s11661-016-3807-x,2219,ST + 70 pct CR,429,504,10,127.0,BHN,nominal,,,,,,,,,,,,,,,,,,,,,,,,,,,,,
10.1007/s11661-016-3807-x,2219,ST + 50 pct CR,362,438,12,112.0,BHN,nominal,,,,,,,,,,,,,,,,,,,,,,,,,,,,,
10.1007/s11661-016-3807-x,2219,ST + 30 pct CR,291,371,16,100.0,BHN,nominal,,,,,,,,,,,,,,,,,,,,,,,,,,,,,
10.1007/s11661-016-3807-x,2219,WST 35 pct CR,455,449,4,122.0,BHN,nominal,,,,,,,,,,,,,,,,,,,,,,,,,,,,,
10.1007/s11661-016-3807-x,2219,70 pct CR + ANN,229,368,18,76.0,BHN,nominal,,,,,,,,,,,,,,,,,,,,,,,,,,,,,
10.1007/s11663-016-0611-3,2024,T351,324.0,469.0,17.8,137.0,HV,True,4.45,0.72,0.11,1.53,0.12,,0.29,0.06,,,,,,,,,,,,,,,,,,,,0.08,
10.1007/s11665-011-0060-8,2219,T6,,432,,125.0,Hv,True,6.48,0.32,0.49,,0.04,,0.23,0.06,0.2,,,,,,,,,,,,,,,,,,,0.08,
10.1007/s11665-014-0875-1,2024,T351,383.8,533.8,22.0,,,nominal,6.2,0.55,,3.38,,,,,,,,,,,,,,,,,,,,,,,,,
10.1007/s11665-014-0936-5,7B04,T74,,486.0,11.0,,,True,1.68,0.26,,2.51,5.75,0.15,0.2,,,,,,,,,,,,,,,,,,,,,,
10.1007/s11837-016-1896-z,,,,133,13,,,True,2.0,,,,,,,,,,,,,,,,,,,,,,,,,,,,
10.1007/s11837-016-1896-z,,,110,200,13,,,False,,,,,,,,,,,,,,,,,,,,,,,,,,,,,
10.1007/s11837-016-1896-z,5083,H131,228,317,16,,,nominal,,,,,,,,,,,,,,,,,,,,,,,,,,,,,
10.1007/s11837-016-1896-z,6061,T6,,310,12,,,nominal,,,,,,,,,,,,,,,,,,,,,,,,,,,,,
10.1007/s11837-016-1896-z,,,128,164,31,653.0,MPa,True,,,,,,,,,0.15,,,,,,,,,,,,,,,,0.15,,,,
10.1007/s11837-016-1896-z,,,127,196,9.7,,,True,,,,,,,,,0.15,,,,,,,,,,,,,,,,0.15,,,,
10.1016/j.actamat.2004.06.023,7175,aged,491,557,,,,True,1.49,0.1,0.11,2.54,5.41,0.22,0.16,0.1,,,,,,,,,,,,,,,,,,,,,
10.1016/j.actamat.2006.11.009,7075,T651,515.0,557.0,14.7,,,True,1.66,,0.06,2.53,5.7,,0.26,,,,,,,,,,,,,,,,,,,,,,
10.1016/j.actamat.2007.01.006,6061,T6I6,335.0,368.0,7.3,146.0,VHN,True,0.25,0.13,0.59,0.99,,0.11,0.16,,,,,,,,,,,,,,,,,,,,,,
10.1016/j.actamat.2007.01.006,6061,T6,311.0,352.0,8.2,134.0,VHN,True,0.25,0.13,0.59,0.99,,0.11,0.16,,,,,,,,,,,,,,,,,,,,,,
10.1016/j.actamat.2010.01.037,AA6016,O,216,276,12.2,,kg/mm²,nominal,,,,,,,,,,,,,,,,,,,,,,,,,,,,,
10.1016/j.actamat.2010.01.037,AA6016,O,89,170,23.6,36.2,kg/mm²,nominal,,,,,,,,,,,,,,,,,,,,,,,,,,,,,
10.1016/j.actamat.2010.01.037,AA6016,O,166,175,5.8,70.9,kg/mm²,nominal,,,,,,,,,,,,,,,,,,,,,,,,,,,,,
10.1016/j.actamat.2010.01.037,AA6016,O,180,200,7.5,78.3,kg/mm²,nominal,,,,,,,,,,,,,,,,,,,,,,,,,,,,,
10.1016/j.actamat.2010.01.037,AA6016,O,197,240,7.2,,kg/mm²,nominal,,,,,,,,,,,,,,,,,,,,,,,,,,,,,
10.1016/j.actamat.2010.01.037,AA6016,O,208,259,13.0,,kg/mm²,nominal,,,,,,,,,,,,,,,,,,,,,,,,,,,,,
10.1016/j.actamat.2010.01.037,AA6016,O,219,280,10.2,,kg/mm²,nominal,,,,,,,,,,,,,,,,,,,,,,,,,,,,,
10.1016/j.actamat.2010.01.037,AA6016,O,207,268,9.3,,kg/mm²,nominal,,,,,,,,,,,,,,,,,,,,,,,,,,,,,
10.1016/j.actamat.2010.01.037,AA6016,O,187,230,8.1,,kg/mm²,nominal,,,,,,,,,,,,,,,,,,,,,,,,,,,,,
10.1016/j.actamat.2010.01.037,AA6016,O,207,259,9.7,,kg/mm²,nominal,,,,,,,,,,,,,,,,,,,,,,,,,,,,,
10.1016/j.actamat.2010.01.037,AA6016,O,157,171,6.7,,kg/mm²,nominal,,,,,,,,,,,,,,,,,,,,,,,,,,,,,
10.1016/j.actamat.2010.01.037,AA6016,O,173,194,8.0,74.2,kg/mm²,nominal,,,,,,,,,,,,,,,,,,,,,,,,,,,,,
10.1016/j.actamat.2011.10.029,F357,T4 + 120h NA + 180°C/4h,303,356,10.6,120.0,VHN,True,0.04,0.01,6.8,0.49,0.06,,0.13,0.13,,,,,,,,,,,,,,,,,,,0.02,,
10.1016/j.actamat.2011.10.029,F357,0h NA + 180°C/10min,180,298,19.1,120.0,VHN,True,0.04,0.01,6.8,0.49,0.06,,0.13,0.13,,,,,,,,,,,,,,,,,,,0.02,,
10.1016/j.actamat.2011.10.029,F357,0h NA + 180°C/1h,288,362,12.5,120.0,VHN,True,0.04,0.01,6.8,0.49,0.06,,0.13,0.13,,,,,,,,,,,,,,,,,,,0.02,,
10.1016/j.actamat.2011.10.029,F357,T4 + 120h NA + 180°C/10min,164,288,20.2,120.0,VHN,True,0.04,0.01,6.8,0.49,0.06,,0.13,0.13,,,,,,,,,,,,,,,,,,,0.02,,
10.1016/j.actamat.2011.10.029,F357,T4,176,299,18.0,120.0,VHN,True,0.04,0.01,6.8,0.49,0.06,,0.13,0.13,,,,,,,,,,,,,,,,,,,0.02,,
10.1016/j.actamat.2011.10.029,F357,0h NA + 180°C/4h,304,365,10.6,120.0,VHN,True,0.04,0.01,6.8,0.49,0.06,,0.13,0.13,,,,,,,,,,,,,,,,,,,0.02,,
10.1016/j.actamat.2011.10.029,F357,T4 + 120h NA + 180°C/1h,253,335,11.7,120.0,VHN,True,0.04,0.01,6.8,0.49,0.06,,0.13,0.13,,,,,,,,,,,,,,,,,,,0.02,,
10.1016/j.apsusc.2006.02.060,AA6063,T6,150.0,185.0,7.0,83.0,HV,nominal,,,,,,,,,,,,,,,,,,,,,,,,,,,,,
10.1016/j.apsusc.2006.02.060,AA6061,T4,118.0,190.0,14.0,62.0,HV,nominal,,,,,,,,,,,,,,,,,,,,,,,,,,,,,
10.1016/j.commatsci.2010.06.018,2024,T351,360,478,20,0.45,GPa,nominal,,,,,,,,,,,,,,,,,,,,,,,,,,,,,
10.1016/j.corsci.2011.09.021,2024,T351,378,483,19,,,True,4.35,0.6,0.5,1.5,0.25,0.1,0.5,0.15,,,,,,,,,,,,,,,,,,,,,
10.1016/j.corsci.2011.09.021,2024,T351,306,427,10,,,True,4.35,0.6,0.5,1.5,0.25,0.1,0.5,0.15,,,,,,,,,,,,,,,,,,,,,
10.1016/j.engfailanal.2008.03.002,7075,T6,503.0,600.0,,,,nominal,,,,,,,,,,,,,,,,,,,,,,,,,,,,,
10.1016/j.engfailanal.2008.10.016,AA 2219,T6,340.0,430.0,11.0,,,True,6.8,0.4,0.24,,,0.007,0.08,0.06,0.16,,,,,,,,,,,,,,,,,,,,
10.1016/j.engfailanal.2008.10.016,AA 2219,T87,356.0,452.0,12.0,,,True,6.1,0.41,0.27,,,0.007,0.1,0.06,0.18,,,,,,,,,,,,,,,,,,,,
10.1016/j.engfailanal.2008.10.016,AA 2219,T6,340.0,430.0,11.0,,,True,6.6,0.37,0.23,,,0.008,0.08,0.04,0.11,,,,,,,,,,,,,,,,,,,,
10.1016/j.engfailanal.2010.08.007,2024,T3,370.0,460.0,22.9,,,True,4.48,0.55,0.07,1.51,0.08,0.03,0.18,0.02,,,,,,,,,,,,,,,,,,,,,
10.1016/j.engfracmech.2006.12.031,7075,T651,515.0,557.0,11.27,,,True,1.66,,,2.53,5.7,,0.26,,,,,,,,,,,,,,,,,,,,,,
10.1016/j.engfracmech.2006.12.031,7475,T651,496.6,535.0,14.11,,,True,1.66,,,2.53,5.7,,0.06,,,,,,,,,,,,,,,,,,,,,,
10.1016/j.engfracmech.2007.04.013,2024,T3,325.0,461.0,11.0,150.0,HV,nominal,,,,,,,,,,,,,,,,,,,,,,,,,,,,,
10.1016/j.engfracmech.2010.08.021,2198,T8,"{'L': 469, 'T': 452, 'D': 394}","{'L': 510, 'T': 498, 'D': 436}","{'L': 14, 'T': 13, 'D': 16}",,,False,,,,,,,,,,,,,,,,,,,,,,,,,,,,,
10.1016/j.engfracmech.2011.05.005,2024,T351,360,463,14.6,,,True,4.17,0.19,0.07,1.41,0.19,0.0061,0.014,0.03,0.007,,,,,,,,,,,,,,,0.0004,,,,,
10.1016/j.engfracmech.2011.05.005,2024,T351,353,456,22.0,,,True,4.25,0.5,0.09,1.36,0.16,0.0083,0.019,0.02,0.0062,,,,,,,,,,,,,,,0.0004,,,,,
10.1016/j.engfracmech.2013.01.011,6061,T6,289.9,328,13.5,,,True,0.28,0.06,0.62,0.9,0.02,0.17,0.33,0.02,,,,,,,,,,,,,,,,,,,,,
10.1016/j.engfracmech.2013.11.016,A356,T6,197.0,283.0,12.2,,,True,,,7.4,0.29,,,0.15,,,,,,,,,,,,,,,,,,,,,,
10.1016/j.engfracmech.2017.11.006,6061,T6,257.0,300.0,12.0,,,True,0.19,0.03,0.62,1.01,0.01,0.09,0.11,0.01,,,,,,,,,,,,,,,,,,,,,
10.1016/j.ijmecsci.2015.10.004,7050,T7451,455.0,510.0,,,,True,2.0,0.08,0.09,2.0,5.7,0.03,0.12,0.05,0.11,,,,,,,,,,,,,,,,,,,,
10.1016/j.jallcom.2009.10.185,2519A,T8,,483.2,10.8,,,True,5.8,0.3,,0.2,,,,0.05,0.2,,,,,,0.0,,,,,,,,,,,,,,
10.1016/j.jallcom.2009.10.185,2519A-0.2Ce,T8,,493.0,10.7,160.3,HV,True,5.8,0.3,,0.2,,,,0.05,0.2,,,,,,0.2,,,,,,,,,,,,,,
10.1016/j.jallcom.2009.10.185,2519A-0.4Ce,T8,,447.7,12.3,,,True,5.8,0.3,,0.2,,,,0.05,0.2,,,,,,0.4,,,,,,,,,,,,,,
10.1016/j.jallcom.2012.03.108,,T6,535,556,12.1,,,True,0.33,0.32,0.11,1.98,5.41,,0.18,,0.1,,,,,,,,,,,,,,,,0.25,,,,
10.1016/j.jallcom.2012.03.108,,Solution treated,275,397,23.3,,,True,0.33,0.32,0.11,1.98,5.41,,0.18,,0.1,,,,,,,,,,,,,,,,0.25,,,,
10.1016/j.jallcom.2012.03.108,,Solution treated,183,328,25.2,,,True,0.34,0.33,0.08,1.91,5.39,,0.16,,,,,,,,,,,,,,,,,,,,,,
10.1016/j.jallcom.2012.03.108,,T6,439,498,16.5,,,True,0.34,0.33,0.08,1.91,5.39,,0.16,,,,,,,,,,,,,,,,,,,,,,
10.1016/j.jallcom.2012.03.108,,Solution treated,252,378,23.6,,,True,0.25,0.32,0.09,1.9,5.36,,0.19,,0.1,,,,,,,,,,,,,,,,0.1,,,,
10.1016/j.jallcom.2012.03.108,,T6,505,529,14.1,,,True,0.25,0.32,0.09,1.9,5.36,,0.19,,0.1,,,,,,,,,,,,,,,,0.1,,,,
10.1016/j.jallcom.2013.08.214,A0,T6,,,,,,True,4.0,,,1.3,,,,,,,,,,,,,,,,,,,,,,,,,
10.1016/j.jallcom.2013.08.214,A3,T6,,,,,,True,4.0,,0.9,1.3,,,,,,,,,,,,,,,,,,,,,,,,,
10.1016/j.jallcom.2013.08.214,A1,T6,,,,,,True,4.0,,0.3,1.3,,,,,,,,,,,,,,,,,,,,,,,,,
10.1016/j.jallcom.2013.08.214,A2,T6,,,,,,True,4.0,,0.6,1.3,,,,,,,,,,,,,,,,,,,,,,,,,
10.1016/j.jallcom.2013.09.202,2024,S,185.0,393.0,18.5,85.0,Hv1,True,4.2,0.63,0.29,1.26,,,0.42,,,,,,,,,,,,,,,,,,,,,,
10.1016/j.jallcom.2013.09.202,2024,T4,385.0,552.0,11.8,,Hv1,True,4.2,0.63,0.29,1.26,,,0.42,,,,,,,,,,,,,,,,,,,,,,
10.1016/j.jallcom.2013.09.202,2024,T6,414.0,578.0,15.8,,Hv1,True,4.2,0.63,0.29,1.26,,,0.42,,,,,,,,,,,,,,,,,,,,,,
10.1016/j.jallcom.2013.09.202,2024,SEA70,595.0,647.0,7.8,,Hv1,True,4.2,0.63,0.29,1.26,,,0.42,,,,,,,,,,,,,,,,,,,,,,
10.1016/j.jallcom.2013.09.202,2024,T8,485.0,574.0,11.9,,Hv1,True,4.2,0.63,0.29,1.26,,,0.42,,,,,,,,,,,,,,,,,,,,,,
10.1016/j.jallcom.2013.09.202,2024,SE,575.0,608.0,7.5,,Hv1,True,4.2,0.63,0.29,1.26,,,0.42,,,,,,,,,,,,,,,,,,,,,,
10.1016/j.jallcom.2013.09.202,2024,SEA100,610.0,670.0,7.7,212.0,Hv1,True,4.2,0.63,0.29,1.26,,,0.42,,,,,,,,,,,,,,,,,,,,,,
10.1016/j.jallcom.2016.05.247,,T6,421.0,459.0,10.1,143.0,HV,True,5.3,0.3,,0.4,,,,,0.15,0.5,,,,,,,,,,,,,,,,,,,
10.1016/j.jallcom.2016.05.247,,T6,433.0,487.0,9.7,157.0,HV,True,5.3,0.3,,0.8,,,,,0.15,0.5,,,,,,,,,,,,,,,,,,,
10.1016/j.jallcom.2016.05.247,,T6,391.0,486.0,11.0,,HV,True,5.3,0.3,,1.2,,,,,0.15,0.5,,,,,,,,,,,,,,,,,,,
10.1016/j.jallcom.2016.05.317,2524,T3,368,498,18.4,,,True,4.45,0.66,0.03,1.48,,,0.05,,,,,,,,,,,,,,,,,,,,,,
10.1016/j.jallcom.2016.11.389,AA2219,O,220.0,291.0,15.0,,,True,6.8,0.315,0.06,,0.06,,0.16,0.04,0.203,,,,,,,,,,,,,0.023,,,,0.02,,0.165,
10.1016/j.jallcom.2016.11.389,AA7475,T761,430.0,468.0,13.0,,,True,1.34,0.0062,0.06,1.93,5.36,0.155,0.101,0.023,0.0076,,,,,,,,,,,,,0.002,,,,,,,
10.1016/j.jallcom.2017.04.084,,T7,,309,0.95,,,True,3.32,0.59,12.15,0.82,,,0.24,0.08,,,,,,,,,,,,,,2.51,0.0022,,,,,,
10.1016/j.jallcom.2017.04.084,,T7,,285,0.42,,,True,4.17,0.35,12.81,0.86,,,0.43,0.09,,,,,,,,,,,,,,2.26,0.0034,,,,,,
10.1016/j.jallcom.2017.04.084,,T7,,242,0.39,,,True,4.17,0.35,12.81,0.86,,,0.43,0.09,,,,,,,,,,,,,,2.26,0.0034,,,,,,
10.1016/j.jallcom.2017.04.084,,T7,,248,0.41,,,True,3.79,0.18,11.97,0.82,,,0.5,0.1,,,,,,,,,,,,,,3.39,0.0023,,,,,,
10.1016/j.jallcom.2017.04.084,,T7,,285,0.53,,,True,3.79,0.18,11.97,0.82,,,0.5,0.1,,,,,,,,,,,,,,3.39,0.0023,,,,,,
10.1016/j.jallcom.2017.04.084,,T7,,243,0.49,,,True,3.32,0.59,12.15,0.82,,,0.24,0.08,,,,,,,,,,,,,,2.51,0.0022,,,,,,
10.1016/j.jallcom.2017.04.084,,T7,,305,0.78,,,True,3.22,0.39,11.9,0.97,,,0.41,0.09,,,,,,,,,,,,,,2.34,0.002,,,,,,
10.1016/j.jallcom.2017.04.084,,T7,,281,0.71,,,True,3.24,0.2,12.08,0.81,,,0.24,0.08,,,,,,,,,,,,,,2.36,0.0021,,,,,,
10.1016/j.jallcom.2017.04.084,,T7,,296,0.65,,,True,3.24,0.2,12.08,0.81,,,0.24,0.08,,,,,,,,,,,,,,2.36,0.0021,,,,,,
10.1016/j.jallcom.2017.04.084,,T7,,298,0.89,,,True,3.22,0.39,11.9,0.97,,,0.41,0.09,,,,,,,,,,,,,,2.34,0.002,,,,,,
10.1016/j.jallcom.2017.12.045,AA2195-0.025Sc,peak-aged,486,570,10.5,163.0,VHN,True,4.0,,,0.4,,,,,0.12,0.4,,,,,,,,,,,1.2,,,,0.025,,,,
10.1016/j.jallcom.2017.12.045,AA2195-0.25Sc,peak-aged,536,634,9.2,176.0,VHN,True,4.0,,,0.4,,,,,0.12,0.4,,,,,,,,,,,1.2,,,,0.25,,,,
10.1016/j.jallcom.2017.12.045,AA2195,peak-aged,435,512,12.1,145.0,VHN,True,4.0,,,0.4,,,,,0.12,0.4,,,,,,,,,,,1.2,,,,,,,,
10.1016/j.jallcom.2018.05.085,AA7075,O,,,,,,True,1.5,0.04,0.07,2.65,5.7,0.21,0.09,0.02,,,,,,,,,,,,,,,,,,,,,
10.1016/j.jallcom.2018.05.085,AA7075,SSS,,,,,,True,1.5,0.04,0.07,2.65,5.7,0.21,0.09,0.02,,,,,,,,,,,,,,,,,,,,,
10.1016/j.jallcom.2018.05.085,AA7075,T6,,,,,,True,1.5,0.04,0.07,2.65,5.7,0.21,0.09,0.02,,,,,,,,,,,,,,,,,,,,,
10.1016/j.jmatprotec.2006.11.047,Al-Zn-Mg-Sc,T6,301,449,11.7,,,True,0.42,0.29,,2.8,6.0,0.01,,0.04,0.11,,,,,,,,,,,,,,,,0.11,,,,
10.1016/j.jmatprotec.2006.11.047,7075,T6,251,402,11.6,,,True,0.44,0.33,,2.4,6.3,0.001,,0.03,0.1,,,,,,,,,,,,,,,,,,,,
10.1016/j.jmatprotec.2006.11.047,Al-Zn-Mg-Sc,T6,314,463,12.2,,,True,0.46,0.3,,2.7,6.6,0.002,,0.03,0.08,,,,,,,,,,,,,,,,0.3,,,,
10.1016/j.jmatprotec.2008.04.020,7075,T65,505,570,10,,,False,,,,,,,,,,,,,,,,,,,,,,,,,,,,,
10.1016/j.jmatprotec.2008.04.020,2024,T45,275,425,21,,,False,,,,,,,,,,,,,,,,,,,,,,,,,,,,,
10.1016/j.jmatprotec.2012.02.008,6005A,T6,260,285,13,,,nominal,,,,,,,,,,,,,,,,,,,,,,,,,,,,,
10.1016/j.jmatprotec.2012.02.008,6005A,T6,253,280,10,,,True,0.07,0.15,0.61,0.54,0.01,0.01,0.21,0.02,,,,,,,,,,,,,,,,,,,,,
10.1016/j.jmatprotec.2012.02.008,6005A,T6,225,270,8,,,nominal,0.3,0.5,0.7,0.55,0.2,0.3,0.35,0.1,,,,,,,,,,,,,,,,,,,,,
10.1016/j.jmatprotec.2014.08.016,AA6111,T4,151.27,290.79,23.45,,,True,0.7,0.3,0.9,0.75,0.15,0.1,0.04,0.1,,,,,,,,,,,,,,,,,,,,,
10.1016/j.jmatprotec.2016.01.030,Al-7Si-0.3Mg,,101.0,187.0,16.6,,,True,0.01,,7.4,0.28,,,0.14,0.11,,,,,,,,,,,,,,,,,,,,,
10.1016/j.jmatprotec.2016.01.030,Al-7Si-0.3Mg,,115.0,168.0,2.5,,,True,0.01,,7.4,0.28,,,0.14,0.11,,,,,,,,,,,,,,,,,,,,,
10.1016/j.jmatprotec.2016.01.030,Al-7Si-0.3Mg,T6,236.0,282.0,1.9,,,True,0.01,,7.4,0.28,,,0.14,0.11,,,,,,,,,,,,,,,,,,,,,
10.1016/j.jmatprotec.2016.01.030,Al-7Si-0.3Mg,T6,212.0,272.0,8.2,,,True,0.01,,7.4,0.28,,,0.14,0.11,,,,,,,,,,,,,,,,,,,,,
10.1016/j.jmatprotec.2016.01.030,Al-7Si-0.3Mg,T6,214.0,268.0,8.4,,,True,0.01,,7.4,0.28,,,0.14,0.11,,,,,,,,,,,,,,,,,,,,,
10.1016/j.jmatprotec.2016.01.030,Al-7Si-0.3Mg,T6,213.0,274.0,10.8,,,True,0.01,,7.4,0.28,,,0.14,0.11,,,,,,,,,,,,,,,,,,,,,
10.1016/j.jmatprotec.2016.01.030,Al-7Si-0.3Mg,,89.0,169.0,20.5,,,True,0.01,,7.4,0.28,,,0.14,0.11,,,,,,,,,,,,,,,,,,,,,
10.1016/j.jmatprotec.2016.01.030,Al-7Si-0.3Mg,,86.0,171.0,20.2,,,True,0.01,,7.4,0.28,,,0.14,0.11,,,,,,,,,,,,,,,,,,,,,
10.1016/j.jmatprotec.2016.05.022,AA7075,T6,503,572,11,171.0,HV,nominal,,,,,,,,,,,,,,,,,,,,,,,,,,,,,
10.1016/j.jmatprotec.2016.06.021,AA2060,T8,428,499,14.3,152.0,HV0.1,True,3.8,0.3,,0.85,0.375,,,,0.11,0.3,,,,,,,,,,,0.75,,,,,,,,
10.1016/j.jmatprotec.2017.01.029,6061,T6,349.2,381.1,6.95,,,True,0.24,0.06,0.58,1.0,0.05,0.16,0.28,0.02,,,,,,,,,,,,,,,,,,,,,
10.1016/j.jmatprotec.2017.04.024,2024,T4,334.5,448.5,17.2,,,True,4.35,0.6,,1.5,0.1,,0.5,0.5,,,,,,,,,,,,,,0.1,,,,,,,
10.1016/j.jmatprotec.2017.07.031,6061,T4,,239.6,21.5,74.0,HV0.1,True,0.15,0.15,0.4,0.8,0.25,,0.7,,,,,,,0.15,,,,,,,,,,,,,,,
10.1016/j.jmatprotec.2017.09.034,6061,T6,276.0,312.0,18.0,106.0,HV,True,0.22,0.02,0.58,1.0,0.05,0.16,0.42,0.02,,,,,,,,,,,,,,,,,,,,,
10.1016/j.jmatprotec.2017.12.042,2219,T6,302,397.7,,,,True,6.3,0.3,0.2,0.02,0.175,,0.3,0.06,,,,,,,,,,,,,,,,,,,,0.1,
10.1016/j.jmatprotec.2017.12.042,2219,ST,43,182,,,,True,6.3,0.3,0.2,0.02,0.175,,0.3,0.06,,,,,,,,,,,,,,,,,,,,0.1,
10.1016/j.jmatprotec.2017.12.042,2219,P,78,159.9,,,,True,6.3,0.3,0.2,0.02,0.175,,0.3,0.06,,,,,,,,,,,,,,,,,,,,0.1,
10.1016/j.jmatprotec.2018.01.010,2219,T6,,432.0,11.0,,,True,6.48,0.32,0.49,,0.04,,0.23,0.06,0.2,,,,,,,,,,,,,,,,,,,0.08,
10.1016/j.jmatprotec.2018.06.022,7075,T73,419.0,498.0,10.5,,,True,1.7,2.5,0.09,2.5,5.6,0.19,0.28,0.03,0.01,,,,,,,,,,,,,,,,,,,0.01,
10.1016/j.matchar.2006.03.003,7150,T6,643.0,602.0,15.5,,,True,2.32,,0.05,2.4,6.32,,0.1,,0.12,,,,,,,,,,,,,,,,,,,,
10.1016/j.matchar.2007.09.006,AA6061,T6,235.0,283.0,26.4,105.0,Hv,True,0.22,0.12,0.58,1.1,,,0.35,,,,,,,,,,,,,,,,,,,,,,
10.1016/j.matchar.2018.04.029,7055,T6,584,630,12.9,205.0,HV3,True,2.21,,0.1,1.98,7.68,,0.12,,0.12,,,,,,,,,,,,,,,,,,,,
10.1016/j.matchar.2018.04.045,AlMg5Si2Mn,T4,,,,,,True,0.02,0.714,2.27,5.77,0.04,,0.115,0.02,,,,,,,,,,,,,,,,,,,,,
10.1016/j.matchar.2018.04.045,AlMg5Si2Mn,T6,,,,,,True,0.02,0.714,2.27,5.77,0.04,,0.115,0.02,,,,,,,,,,,,,,,,,,,,,
10.1016/j.matchar.2018.04.045,AlMg5Si2Mn,As-extruded,,,,,,True,0.02,0.714,2.27,5.77,0.04,,0.115,0.02,,,,,,,,,,,,,,,,,,,,,
10.1016/j.matdes.2007.11.005,AA2219,T87,392.0,475.0,15.0,140.0,HV (0.05 kg),True,6.33,0.34,0.06,,0.02,,0.13,0.04,0.12,,,,,,,,,,,,,,,,,,,0.07,
10.1016/j.matdes.2015.05.074,6061,T6,275.0,310.0,15.0,,,nominal,0.3,,0.6,1.0,,0.2,,,,,,,,,,,,,,,,,,,,,,,
10.1016/j.matdes.2015.05.074,7050,T7451,469.0,524.0,11.0,,,nominal,2.3,,,2.2,6.2,,,,,,,,,,,,,,,,,,,,,,,,
10.1016/j.matdes.2015.06.044,AA2024,T3,310,450,18,,,True,4.59,0.55,0.05,1.47,0.04,0.01,0.07,0.02,,,,,,,,,,,,,,,,,,,,,
10.1016/j.matdes.2015.08.003,2050,T34,280.0,470.0,20.0,,,True,3.86,,,,,,,,,,,,,,,,,,,,0.86,,,,,,,,
10.1016/j.matdes.2015.08.003,2050,T84,520.0,590.0,10.5,,,True,3.86,,,,,,,,,,,,,,,,,,,,0.86,,,,,,,,
10.1016/j.matdes.2015.08.050,6082,T6,288.0,337.0,,95.0,HV0.1,True,0.14,0.91,1.2,1.12,0.2,0.04,0.34,0.08,,,,,,,,,,,,,,,,,,,,,
10.1016/j.matdes.2015.08.050,7075,T6,498.0,560.0,,165.0,HV0.1,True,1.32,0.1,0.21,2.3,5.21,0.18,0.37,0.12,,,,,,,,,,,,,,,,,,,,,
10.1016/j.matdes.2016.02.011,,T6,,723.0,11.0,218.0,HV,True,2.46,,0.06,2.07,8.31,,0.07,,0.12,,,,,,,,,,,,,,,,,,,,
10.1016/j.matdes.2016.02.011,,solution treated,,684.0,17.4,,,True,2.46,,0.06,2.07,8.31,,0.07,,0.12,,,,,,,,,,,,,,,,,,,,
10.1016/j.matdes.2016.08.004,2524,T3,319.0,464.0,20.1,,,True,4.19,0.55,0.02,1.42,0.025,,0.11,0.011,,,,,,,,,,,,,,,,,,,,,
10.1016/j.matdes.2017.07.013,AA 7075,T651,529.3,576.1,14.79,184.9,HV0.2,True,1.57,0.05,0.084,2.63,5.82,0.19,0.18,0.038,,,,,,,,,,,,,,,,,,,,,
10.1016/j.matlet.2013.08.093,2024,T4,,457.0,21.0,,,nominal,4.35,0.6,0.5,1.5,0.25,0.1,0.5,0.15,,,,,,,,,,,,,,,,,,,,,
10.1016/j.matlet.2013.08.093,2024,T62,,449.0,6.0,,,nominal,4.35,0.6,0.5,1.5,0.25,0.1,0.5,0.15,,,,,,,,,,,,,,,,,,,,,
10.1016/j.msea.2004.01.134,7175,T74,499,554,10.2,,,nominal,,,,,,,,,,,,,,,,,,,,,,,,,,,,,
10.1016/j.msea.2004.02.052,7050,RRA20+T6,585.0,625.0,13.2,,,nominal,,,,,,,,,,,,,,,,,,,,,,,,,,,,,
10.1016/j.msea.2004.02.052,7050,T76511,475.0,540.0,10.8,,,nominal,,,,,,,,,,,,,,,,,,,,,,,,,,,,,
10.1016/j.msea.2004.02.052,7150,RRA20+T6,656.0,665.0,7.0,,,nominal,,,,,,,,,,,,,,,,,,,,,,,,,,,,,
10.1016/j.msea.2004.02.052,7050,T76511,469.0,531.0,7.0,,,nominal,,,,,,,,,,,,,,,,,,,,,,,,,,,,,
10.1016/j.msea.2004.02.052,7050,RRA40+T6,600.0,618.0,9.9,,,nominal,,,,,,,,,,,,,,,,,,,,,,,,,,,,,
10.1016/j.msea.2004.02.052,7150,RRA40+T6,651.0,660.0,5.0,,,nominal,,,,,,,,,,,,,,,,,,,,,,,,,,,,,
10.1016/j.msea.2004.02.052,7050,T6,512.0,610.0,16.1,,,nominal,,,,,,,,,,,,,,,,,,,,,,,,,,,,,
10.1016/j.msea.2004.02.052,7150,T77511,582.0,624.0,11.0,,,nominal,,,,,,,,,,,,,,,,,,,,,,,,,,,,,
10.1016/j.msea.2004.02.052,7150,T77511,538.0,586.0,7.0,,,nominal,,,,,,,,,,,,,,,,,,,,,,,,,,,,,
10.1016/j.msea.2004.02.052,7150,T6,594.0,660.0,14.0,,,nominal,,,,,,,,,,,,,,,,,,,,,,,,,,,,,
10.1016/j.msea.2004.08.056,A356,T6,209,272,12.9,,,True,,,7.2,0.38,,,0.13,0.14,,,,,,,,,,,,,,,,,,,,,
10.1016/j.msea.2004.08.056,A356,T6,251,294,4.5,,,True,,,7.22,0.42,,,0.09,0.11,,,,,,,,,,,,,,,,,,,,,
10.1016/j.msea.2004.10.014,AA2024,T81,450.0,485.0,7.0,,,False,,,,,,,,,,,,,,,,,,,,,,,,,,,,,
10.1016/j.msea.2004.10.014,AA2024,T3,354.0,485.0,17.0,,,False,,,,,,,,,,,,,,,,,,,,,,,,,,,,,
10.1016/j.msea.2006.04.087,2024,T351,,,,,,True,4.4,0.6,0.5,1.5,,0.1,0.5,,,,,,,,,,,,,,,,,,,,,,
10.1016/j.msea.2006.04.087,2524,T351,,,,,,True,4.315,0.575,0.036,1.395,0.008,,0.0825,,,,,,,,,,,,,,,,,,,,,,
10.1016/j.msea.2006.07.169,Al 2024,T6,370.0,460.0,11.5,152.0,HV10,nominal,,,,,,,,,,,,,,,,,,,,,,,,,,,,,
10.1016/j.msea.2006.07.169,Al 2024,T4,415.0,595.0,17.0,165.0,HV10,nominal,,,,,,,,,,,,,,,,,,,,,,,,,,,,,
10.1016/j.msea.2006.07.169,Al 2024,As-extruded,175.0,295.0,14.5,85.0,HV10,nominal,,,,,,,,,,,,,,,,,,,,,,,,,,,,,
10.1016/j.msea.2007.02.100,2024,T8,445.0,476.0,8.84,79.0,RB,True,4.45,0.71,0.5,1.36,0.2,,0.5,0.15,,,,,,,,,,,,,,,,,,,,,
10.1016/j.msea.2007.06.047,7075,T651,502.0,574.0,12.6,,,True,1.6,0.3,0.4,2.5,5.6,0.23,0.5,0.2,,,,,,,,,,,,,,,,,,,,,
10.1016/j.msea.2007.07.048,7075,T6,430.0,520.0,10.0,140.0,VHN,True,1.6,0.3,0.4,2.5,5.6,0.23,0.5,,,,,,,,,,,,,,,,,,,,,,
10.1016/j.msea.2007.07.048,7039,T4,400.0,460.0,15.0,130.0,VHN,True,0.1,0.2,0.1,2.5,4.3,0.15,0.2,,0.05,,,,,,,,,,,,,,,,,,,,
10.1016/j.msea.2007.07.048,2024,T3,340.0,460.0,18.0,115.0,VHN,True,4.2,0.6,0.5,1.6,,0.1,0.5,,0.2,,,,,,,,,,,,,0.05,,0.05,,0.05,,,
10.1016/j.msea.2007.07.048,6061,T6,235.0,283.0,22.0,100.0,VHN,True,0.22,0.12,0.58,1.1,,,0.3,,,,,,,,,,,,,,,,,,,,,,
10.1016/j.msea.2007.07.048,1050,,105.0,115.0,26.0,70.0,VHN,True,0.05,0.05,0.25,0.05,0.07,,0.4,0.05,,,,,,,,,,,,,,,,,,,,,
10.1016/j.msea.2007.10.083,7475,T7351,405.76,482.6,12.11,,,True,1.661,0.01,0.029,2.376,5.722,0.21,0.085,0.0266,,,,,,,,,,,,,,,,,,,,,
10.1016/j.msea.2007.10.083,7475,T7351,412.17,496.38,9.82,,,True,1.661,0.01,0.029,2.376,5.722,0.21,0.085,0.0266,,,,,,,,,,,,,,,,,,,,,
10.1016/j.msea.2007.10.083,7475,T7351,416.0,497.67,8.82,,,True,1.661,0.01,0.029,2.376,5.722,0.21,0.085,0.0266,,,,,,,,,,,,,,,,,,,,,
10.1016/j.msea.2008.07.028,,T6,683.6,709.7,8.9,,,True,2.2,,,2.5,8.6,,,,0.16,,,,,,,,,,,,,,,,,,,,
10.1016/j.msea.2008.07.028,,T6,725.2,747.1,9.3,,,True,2.2,,,2.5,8.6,0.2,,,0.16,,,,,,,,,,,,,,,,,,,,0.3
10.1016/j.msea.2008.07.028,,T6,,,,,,True,2.2,,,2.5,8.6,0.4,,,0.32,,,,,,,,,,,,,,,,,,,,0.6
10.1016/j.msea.2008.07.033,2219,T62,277.1,408.65,7.65,67.0,RB,True,6.4,0.3,,,,0.18,0.06,0.0,0.19,,,,,,,,,,,,,,,,,,,,
10.1016/j.msea.2009.04.049,2195,T8,503,537,,,,False,,,,,,,,,,,,,,,,,,,,,,,,,,,,,
10.1016/j.msea.2009.08.032,7075,annealed,103.0,228.0,11.0,,,nominal,,,,,,,,,,,,,,,,,,,,,,,,,,,,,
10.1016/j.msea.2009.08.032,7075,T73,434.0,503.0,17.0,,,nominal,,,,,,,,,,,,,,,,,,,,,,,,,,,,,
10.1016/j.msea.2010.12.045,2024,T351,285.0,435.0,12.0,138.0,HV,True,2.46,0.21,0.07,1.26,0.14,0.04,0.04,0.02,,,,,,,,,,,,,,0.06,,,,,,,
10.1016/j.msea.2011.01.041,,T6,186.0,307.0,14.0,,,True,,,12.7,0.7,,,0.2,,,,,,,,,,,,,,,,,,,,,,
10.1016/j.msea.2011.01.041,,T4,151.0,285.0,14.08,,,True,,,12.7,0.7,,,0.2,,,,,,,,,,,,,,,,,,,,,,
10.1016/j.msea.2011.01.041,,T6,242.0,338.0,8.43,,,True,,,12.7,0.7,,,0.2,,,,,,,,,,,,,,,,,,,,,,
10.1016/j.msea.2011.01.041,,T6,282.0,365.0,7.44,,,True,,,12.7,0.7,,,0.2,,,,,,,,,,,,,,,,,,,,,,
10.1016/j.msea.2011.01.041,,T1,108.0,190.0,15.03,,,True,,,12.7,0.7,,,0.2,,,,,,,,,,,,,,,,,,,,,,
10.1016/j.msea.2011.08.015,2024,over-aged,410,505,11.4,154.4,Hv,True,4.35,0.6,0.5,1.5,0.25,0.1,0.5,,,,,,,,,,,,,,,2.0,,,,,,,
10.1016/j.msea.2011.08.015,2024,over-aged + 1 ECAP pass,462,521,10.3,173.0,Hv,True,4.35,0.6,0.5,1.5,0.25,0.1,0.5,,,,,,,,,,,,,,,2.0,,,,,,,
10.1016/j.msea.2011.08.015,2024,over-aged + 3 ECAP passes,462,514,10.0,182.7,Hv,True,4.35,0.6,0.5,1.5,0.25,0.1,0.5,,,,,,,,,,,,,,,2.0,,,,,,,
10.1016/j.msea.2011.08.015,2024,over-aged + 6 ECAP passes,470,523,11.1,154.7,Hv,True,4.35,0.6,0.5,1.5,0.25,0.1,0.5,,,,,,,,,,,,,,,2.0,,,,,,,
10.1016/j.msea.2011.11.025,,T6,76.7,182.9,5.4,,,True,4.96,1.0,0.02,,,,0.05,,,,,,,,0.92,,,,,,,,,,,,,,
10.1016/j.msea.2011.11.025,,T6,114.0,224.0,7.2,,,True,5.0,0.98,0.02,,,,0.05,,,,,,,,,,,,,,,,,,,,,,
10.1016/j.msea.2011.11.026,A356,T6,277.0,312.0,7.6,96.4,HRE,True,0.2,0.1,7.0,0.35,0.1,,0.2,0.23,,,,,,,,,,,,,,,,,,,,,
10.1016/j.msea.2012.01.125,6061,T6,289.9,328,13.5,,,True,0.28,0.06,0.62,0.9,0.02,0.17,0.33,0.02,,,,,,,,,,,,,,,,,,,,,
10.1016/j.msea.2012.06.076,AA6181,T4,127.0,259.0,26.0,,,True,0.06,0.09,0.85,0.74,0.012,0.01,0.25,0.023,,,,,,,,,,,,,,0.002,,,,,,,
10.1016/j.msea.2012.07.064,206,T7C,296.0,366.0,4.9,,,True,4.32,0.24,1.17,0.19,,,0.14,,,,,,,,,,,,,,,,,,,,0.01,,
10.1016/j.msea.2012.07.064,206,T7A,302.0,376.0,8.8,,,True,4.32,0.24,1.17,0.19,,,0.14,,,,,,,,,,,,,,,,,,,,0.01,,
10.1016/j.msea.2012.07.064,206,T7B,324.0,391.0,8.5,,,True,4.32,0.24,1.17,0.19,,,0.14,,,,,,,,,,,,,,,,,,,,0.01,,
10.1016/j.msea.2012.09.044,A6061,T6,289,318,11.2,,,True,0.27,0.07,0.63,1.0,0.01,0.17,0.29,0.02,,,,,,,,,,,,,,,,,,,,,
10.1016/j.msea.2012.12.029,A356,T6,265.0,300.0,1.5,,,True,0.14,0.01,7.18,0.35,,,0.02,0.14,,,,,,,,,,,,,,,,,,,0.02,,
10.1016/j.msea.2012.12.029,A356,T6,220.0,275.0,6.5,,,True,0.14,0.01,7.18,0.35,,,0.02,0.14,,,,,,,,,,,,,,,,,,,0.02,,
10.1016/j.msea.2012.12.029,A356,T6,255.0,295.0,2.0,,,True,0.14,0.01,7.18,0.35,,,0.02,0.14,,,,,,,,,,,,,,,,,,,0.02,,
10.1016/j.msea.2012.12.029,A356,T6,255.0,295.0,2.5,,,True,0.14,0.01,7.18,0.35,,,0.02,0.14,,,,,,,,,,,,,,,,,,,0.02,,
10.1016/j.msea.2012.12.029,A356,T6,255.0,295.0,3.0,,,True,0.14,0.01,7.18,0.35,,,0.02,0.14,,,,,,,,,,,,,,,,,,,0.02,,
10.1016/j.msea.2012.12.029,A356,T6,250.0,290.0,4.0,89.8,HRF,True,0.14,0.01,7.18,0.35,,,0.02,0.14,,,,,,,,,,,,,,,,,,,0.02,,
10.1016/j.msea.2012.12.029,A356,Solution treatment,85.0,175.0,12.0,,,True,0.14,0.01,7.18,0.35,,,0.02,0.14,,,,,,,,,,,,,,,,,,,0.02,,
10.1016/j.msea.2012.12.029,A356,As-cast,85.0,175.0,9.0,,,True,0.14,0.01,7.18,0.35,,,0.02,0.14,,,,,,,,,,,,,,,,,,,0.02,,
10.1016/j.msea.2012.12.046,1050,,20.0,72.0,120.0,23.0,HV,True,,0.055,0.095,0.025,0.013,,0.135,0.015,,,,,,,,,,,,,,,,,,,,0.01,
10.1016/j.msea.2012.12.046,1050,,158.0,163.0,11.6,50.0,HV,True,,0.055,0.095,0.025,0.013,,0.135,0.015,,,,,,,,,,,,,,,,,,,,0.01,
10.1016/j.msea.2013.03.084,354,T6,,315.79,,,,True,1.84,0.01,9.16,0.49,,,0.08,0.22,,,,,,,,,,,,,,0.46,,,,,0.0149,,
10.1016/j.msea.2013.03.084,354,T6,,312.512,,,,True,1.86,0.0,9.1,0.46,,,0.08,0.22,0.39,,,,,,,,,,,,,0.4,,,,,0.0122,,
10.1016/j.msea.2013.03.084,354,T6,,305.21,,,,True,1.83,0.0,9.1,0.45,,,0.07,0.21,0.39,,,,,,,,,,,,,,,,,,0.0145,,
10.1016/j.msea.2013.03.084,354,T6,,,,,,True,1.85,0.01,9.43,0.49,,,0.08,0.22,,,,,,,,,,,,,,,,,,,0.015,,
10.1016/j.msea.2013.03.084,354,T6,316.354,316.354,,,,True,1.85,0.0,9.01,0.45,,,0.08,0.21,0.19,,,,,,,,,,,,,0.21,,,,,0.0127,,
10.1016/j.msea.2013.08.001,AA2195,T87,557,591,9,,,True,4.2,,0.1,0.35,,,0.15,,0.15,0.35,,,,,,,,,,,1.1,,,,,,,,
10.1016/j.msea.2013.09.005,7150,T74,,591,,,,True,2.1,,,2.25,6.56,,,,0.12,,,,,,,,,,,,,,,,,,,,
10.1016/j.msea.2013.09.005,7150,T76,,643,,,,True,2.1,,,2.25,6.56,,,,0.12,,,,,,,,,,,,,,,,,,,,
10.1016/j.msea.2013.09.005,7150,T79,,655,,,,True,2.1,,,2.25,6.56,,,,0.12,,,,,,,,,,,,,,,,,,,,
10.1016/j.msea.2013.09.005,7150,T6,,660,,,,True,2.1,,,2.25,6.56,,,,0.12,,,,,,,,,,,,,,,,,,,,
10.1016/j.msea.2013.09.005,7150,T73,,562,,,,True,2.1,,,2.25,6.56,,,,0.12,,,,,,,,,,,,,,,,,,,,
10.1016/j.msea.2013.09.005,7150,RRA,,659,,,,True,2.1,,,2.25,6.56,,,,0.12,,,,,,,,,,,,,,,,,,,,
10.1016/j.msea.2014.01.009,A357,as-cast,153,226.0,2.83,79.0,HBS,True,,,6.75,0.63,,,0.084,0.14,,,,,,,0.195,,,,,0.105,,,,,,,,,
10.1016/j.msea.2014.01.009,A357,as-cast,153,193,2.2,75.0,HBS,True,,,6.75,0.63,,,0.084,0.14,,,,,,,,,,,,,,,,,,,,,
10.1016/j.msea.2014.01.009,A357,T6,286,310,2.56,110.0,HBS,True,,,6.75,0.63,,,0.084,0.14,,,,,,,,,,,,,,,,,,,,,
10.1016/j.msea.2014.01.009,A357,T6,287,324.2,3.36,116.0,HBS,True,,,6.75,0.63,,,0.084,0.14,,,,,,,0.195,,,,,0.105,,,,,,,,,
10.1016/j.msea.2014.01.009,A357,as-cast,152,208.5,2.75,78.0,HBS,True,,,6.75,0.63,,,0.084,0.14,,,,,,,0.065,,,,,0.035,,,,,,,,,
10.1016/j.msea.2014.01.009,A357,T6,290,322.3,3.12,115.0,HBS,True,,,6.75,0.63,,,0.084,0.14,,,,,,,0.065,,,,,0.035,,,,,,,,,
10.1016/j.msea.2014.01.009,A357,T6,312.2,349.1,3.89,120.0,HBS,True,,,6.75,0.63,,,0.084,0.14,,,,,,,0.13,,,,,0.07,,,,,,,,,
10.1016/j.msea.2014.01.009,A357,as-cast,160.2,228.1,2.97,80.0,HBS,True,,,6.75,0.63,,,0.084,0.14,,,,,,,0.13,,,,,0.07,,,,,,,,,
10.1016/j.msea.2014.02.036,7150,highly over-aged,450.0,479.0,16.09,,,True,2.3,,0.05,2.4,6.3,,0.1,,0.12,,,,,,,,,,,,,,,,,,,,
10.1016/j.msea.2014.02.036,7150,T6,555.0,589.0,13.77,,,True,2.3,,0.05,2.4,6.3,,0.1,,0.12,,,,,,,,,,,,,,,,,,,,
10.1016/j.msea.2014.02.036,7150,T4,389.0,487.0,17.85,,,True,2.3,,0.05,2.4,6.3,,0.1,,0.12,,,,,,,,,,,,,,,,,,,,
10.1016/j.msea.2014.05.021,,T6,683.6,704.0,8.9,96.3,HRB,True,2.1,,,2.39,8.49,,,,0.16,,,,,,,,,,,,,,,,,,,,
10.1016/j.msea.2014.05.021,,T6,728.1,743.9,9.2,99.6,HRB,True,2.16,,,2.38,8.53,0.17,,,0.16,,,,,,,0.28,,,,,,,,,,,,,
10.1016/j.msea.2014.05.059,A356,T6,200.1,249.1,2.1,,,True,,,7.06,0.36,,,0.13,0.12,,,,,,,,,,,,,,0.01,,,,,,0.097,
10.1016/j.msea.2014.05.059,A356,as-cast,123.6,177.5,2.6,,,True,,,7.05,0.36,,,0.13,0.11,,,,,,,,,,,,,,0.06,,,,,,0.01,
10.1016/j.msea.2014.05.059,A356,as-cast,115.7,184.4,3.3,,,True,,,7.06,0.36,,,0.13,0.12,,,,,,,,,,,,,,0.01,,,,,,0.097,
10.1016/j.msea.2014.05.059,A356,T6,250.4,292.4,1.5,,,True,,,7.06,0.36,,,0.13,0.12,,,,,,,,,,,,,,0.01,,,,,,0.097,
10.1016/j.msea.2014.05.059,A356,as-cast,117.1,181.3,2.4,,,True,,,7.06,0.36,,,0.13,0.12,,,,,,,,,,,,,,0.01,,,,,,0.097,
10.1016/j.msea.2014.05.059,A356,T6,211.7,270.3,2.0,,,True,,,7.06,0.35,,,0.13,0.11,,,,,,,,,,,,,,0.01,,,,,,0.011,
10.1016/j.msea.2014.05.059,A356,T6,199.1,250.0,2.0,,,True,,,7.06,0.35,,,0.13,0.11,,,,,,,,,,,,,,0.01,,,,,,0.011,
10.1016/j.msea.2014.05.059,A356,as-cast,44.1,105.9,2.1,,,True,,,7.05,0.36,,,0.13,0.11,,,,,,,,,,,,,,0.06,,,,,,0.01,
10.1016/j.msea.2014.05.059,A356,T6,250.4,281.1,1.7,,,True,,,7.05,0.36,,,0.13,0.11,,,,,,,,,,,,,,0.06,,,,,,0.01,
10.1016/j.msea.2014.05.059,A356,T6,198.1,239.3,1.8,,,True,,,7.05,0.36,,,0.13,0.11,,,,,,,,,,,,,,0.06,,,,,,0.01,
10.1016/j.msea.2014.05.059,A356,as-cast,82.4,145.4,2.9,,,True,,,7.06,0.35,,,0.13,0.11,,,,,,,,,,,,,,0.01,,,,,,0.011,
10.1016/j.msea.2014.05.059,A356,as-cast,114.8,177.4,2.5,,,True,,,7.06,0.35,,,0.13,0.11,,,,,,,,,,,,,,0.01,,,,,,0.011,
10.1016/j.msea.2014.06.037,7017,Peak aged,408.0,455.0,17.0,141.0,VHN,True,,,0.15,2.3,4.6,0.25,0.17,,,,,,,,,,,,,,,,,,,,,,
10.1016/j.msea.2014.06.037,7055,Peak aged,611.0,655.0,12.0,190.0,VHN,True,2.0,,,1.85,8.0,,,,0.14,,,,,,,,,,,,,,,,,,,,
10.1016/j.msea.2014.08.038,2A97,T4,,443.5,18.5,128.0,HV0.1,True,3.9,0.3,,0.42,0.44,,0.12,,0.15,0.24,,,,,,,,,,,1.4,,,,,,,,
10.1016/j.msea.2014.09.094,AA7039,T6,328.0,414.0,15.1,135.0,Hv,True,0.05,0.68,0.31,2.37,4.69,,0.69,,,,,,,,,,,,,,,,,,,,,,
10.1016/j.msea.2014.09.094,AA7039,W,238.1,376.4,42.5,111.0,Hv,True,0.05,0.68,0.31,2.37,4.69,,0.69,,,,,,,,,,,,,,,,,,,,,,
10.1016/j.msea.2014.09.094,AA7039,O,105.6,212.7,38.4,65.0,Hv,True,0.05,0.68,0.31,2.37,4.69,,0.69,,,,,,,,,,,,,,,,,,,,,,
10.1016/j.msea.2014.10.012,6061,RA+CR+ST+PA,369,384,11,,,True,0.2,0.13,0.72,1.0,,0.09,0.14,0.01,,,,,,,,,,,,,,,,,,,,,
10.1016/j.msea.2014.10.012,6061,ST+CR+ST,175,280,32,,,True,0.2,0.13,0.72,1.0,,0.09,0.14,0.01,,,,,,,,,,,,,,,,,,,,,
10.1016/j.msea.2014.10.012,6061,ST+PA,343,363,21,,,True,0.2,0.13,0.72,1.0,,0.09,0.14,0.01,,,,,,,,,,,,,,,,,,,,,
10.1016/j.msea.2014.10.012,6061,RA+CR+ST,151,251,25,,,True,0.2,0.13,0.72,1.0,,0.09,0.14,0.01,,,,,,,,,,,,,,,,,,,,,
10.1016/j.msea.2014.10.012,6061,ST+CR+ST+PA,439,454,13,,,True,0.2,0.13,0.72,1.0,,0.09,0.14,0.01,,,,,,,,,,,,,,,,,,,,,
10.1016/j.msea.2014.10.012,6061,ST,85,218,48,,,True,0.2,0.13,0.72,1.0,,0.09,0.14,0.01,,,,,,,,,,,,,,,,,,,,,
10.1016/j.msea.2014.10.029,2519A,T9,492.6,533.4,8.5,,,True,5.8,0.3,0.1,0.2,,,0.2,0.05,0.2,,,,,,,,,,,,,,,,,,,0.06,
10.1016/j.msea.2014.10.029,2519A,T8,467.7,520.3,8.8,,,True,5.8,0.3,0.1,0.2,,,0.2,0.05,0.2,,,,,,,,,,,,,,,,,,,0.06,
10.1016/j.msea.2014.12.002,2219,A2,120,265,6.2,48.0,HRB,True,6.02,0.27,0.03,,0.042,,0.11,0.043,0.1,,,,,,,,,,,,,,,,,,,0.11,
10.1016/j.msea.2014.12.002,2219,W1,,,,48.0,HRB,True,6.02,0.27,0.03,,0.042,,0.11,0.043,0.1,,,,,,,,,,,,,,,,,,,0.11,
10.1016/j.msea.2014.12.002,2219,A1,,,,36.0,HRB,True,6.02,0.27,0.03,,0.042,,0.11,0.043,0.1,,,,,,,,,,,,,,,,,,,0.11,
10.1016/j.msea.2014.12.002,2219,W2,300,375,3.6,80.0,HRB,True,6.02,0.27,0.03,,0.042,,0.11,0.043,0.1,,,,,,,,,,,,,,,,,,,0.11,
10.1016/j.msea.2014.12.002,2219,A3,,,,50.0,HRB,True,6.02,0.27,0.03,,0.042,,0.11,0.043,0.1,,,,,,,,,,,,,,,,,,,0.11,
10.1016/j.msea.2014.12.002,2219,A11,,,,54.0,HRB,True,6.02,0.27,0.03,,0.042,,0.11,0.043,0.1,,,,,,,,,,,,,,,,,,,0.11,
10.1016/j.msea.2014.12.002,2219,A10,,,,58.0,HRB,True,6.02,0.27,0.03,,0.042,,0.11,0.043,0.1,,,,,,,,,,,,,,,,,,,0.11,
10.1016/j.msea.2014.12.002,2219,A8,,,,56.0,HRB,True,6.02,0.27,0.03,,0.042,,0.11,0.043,0.1,,,,,,,,,,,,,,,,,,,0.11,
10.1016/j.msea.2014.12.002,2219,A7,,,,54.0,HRB,True,6.02,0.27,0.03,,0.042,,0.11,0.043,0.1,,,,,,,,,,,,,,,,,,,0.11,
10.1016/j.msea.2014.12.002,2219,A6,155,290,5.3,57.0,HRB,True,6.02,0.27,0.03,,0.042,,0.11,0.043,0.1,,,,,,,,,,,,,,,,,,,0.11,
10.1016/j.msea.2014.12.002,2219,A9,175,305,4.5,61.0,HRB,True,6.02,0.27,0.03,,0.042,,0.11,0.043,0.1,,,,,,,,,,,,,,,,,,,0.11,
10.1016/j.msea.2014.12.002,2219,A5,,,,55.0,HRB,True,6.02,0.27,0.03,,0.042,,0.11,0.043,0.1,,,,,,,,,,,,,,,,,,,0.11,
10.1016/j.msea.2014.12.002,2219,A4,,,,51.0,HRB,True,6.02,0.27,0.03,,0.042,,0.11,0.043,0.1,,,,,,,,,,,,,,,,,,,0.11,
10.1016/j.msea.2014.12.026,2195,T8,500.0,560.0,12.7,185.0,HV,True,3.99,,,0.38,,,0.1,,0.17,0.42,,,,,,,,,,,1.09,,,,,,,,
10.1016/j.msea.2015.03.021,4 wt% TiB2/Al-12Si,T6,240,298,1.5,,,True,4.13,0.2,12.37,0.82,0.006,,0.42,0.106,,,,,,,,,,,,,,2.67,,,,,,,
10.1016/j.msea.2015.03.021,Al-12Si,T6,221,287,3.3,,,True,4.13,0.2,12.37,0.82,0.006,,0.42,0.106,,,,,,,,,,,,,,2.67,,,,,,,
10.1016/j.msea.2015.04.104,7B85,T6,520.0,578.0,,,,True,1.4,,,1.7,7.5,,,,0.12,,,,,,,,,,,,,,,,,,,,
10.1016/j.msea.2015.04.104,7A93,T6,770.0,795.0,,,,True,1.8,,,2.9,10.8,,,,0.12,,,,,,,,,,,,,,,,,,,,
10.1016/j.msea.2015.04.104,7055,T6,595.0,673.0,,,,True,2.16,,,2.05,8.3,,,,0.12,,,,,,,,,,,,,,,,,,,,
10.1016/j.msea.2015.04.104,7150,T6,582.0,660.0,,,,True,2.1,,,2.25,6.56,,,,0.12,,,,,,,,,,,,,,,,,,,,
10.1016/j.msea.2015.04.104,7050,T6,540.0,620.0,,,,True,2.16,,,2.23,5.93,,,,,,,,,,,,,,,,,,,,,,,,
10.1016/j.msea.2015.04.104,7B04,T6,577.0,645.0,,,,True,1.58,,,2.88,6.23,,,,0.12,,,,,,,,,,,,,,,,,,,,
10.1016/j.msea.2015.06.023,7050,T6,701.0,746.0,6.0,,,True,2.3,,,2.3,6.5,,,,0.13,,,,,,,,,,,,,,,,,,,,
10.1016/j.msea.2015.06.023,7050,T6,660.0,711.0,12.2,,,True,2.3,,,2.3,6.5,,,,0.13,,,,,,,,,,,,,,,,,,,,
10.1016/j.msea.2015.06.036,6061,T6,409.0,472.0,8.9,132.0,Hv,True,0.2,0.04,0.67,1.01,0.06,0.05,0.28,,,,,,,,,,,,,,,,,,,,,,
10.1016/j.msea.2015.06.046,5052,O,80.0,195.0,24.0,,,True,0.1,0.1,0.25,2.2,0.1,0.17,0.4,,,,,,,,,,,,,,,,,,,,,,
10.1016/j.msea.2015.06.046,6061,O,80.0,165.0,18.0,,,True,0.4,0.1,0.6,1.0,0.3,0.3,0.4,0.1,,,,,,,,,,,,,,,,,,,,,
10.1016/j.msea.2015.07.059,,T4P,162,306,25.4,,HV,True,0.5,0.3,1.2,0.8,,,0.5,,,,,,,,,,,,,,,,,,,,,,
10.1016/j.msea.2015.07.059,,T4P,153,280,27.0,,HV,True,0.2,0.1,0.9,0.8,,,0.0,,,,,,,,,,,,,,,,,,,,,,
10.1016/j.msea.2015.07.059,,T4P,113,237,26.3,,HV,True,0.2,0.1,0.9,0.8,,,0.0,,,,,,,,,,,,,,,,,,,,,,
10.1016/j.msea.2015.07.059,,T4P,186,330,26.1,,HV,True,0.5,0.3,1.2,0.8,,,0.5,,,,,,,,,,,,,,,,,,,,,,
10.1016/j.msea.2016.03.131,7N01,T4,,445.0,14.5,142.0,Hv,True,0.2,0.45,0.3,1.5,4.5,0.3,0.35,0.2,,,,,,,,,,,,,,,,,,,,,
10.1016/j.msea.2016.04.029,Al-Mg-Mn-Sc-Zr,"Homogenized 300°C×8h, Annealed 330°C×1h",355.0,435.0,11.2,,,True,,0.45,0.06,6.01,,,0.02,,0.1,,,,,,,,,,,,,,,,0.25,,,,
10.1016/j.msea.2016.04.029,Al-Mg-Mn-Sc-Zr,"Homogenized 440°C×8h, Annealed 330°C×1h",313.0,390.0,18.6,,,True,,0.45,0.06,6.01,,,0.02,,0.1,,,,,,,,,,,,,,,,0.25,,,,
10.1016/j.msea.2016.04.029,Al-Mg-Mn-Sc-Zr,"Homogenized 440°C×8h, Annealed 300°C×1h",316.0,440.0,17.0,,,True,,0.45,0.06,6.01,,,0.02,,0.1,,,,,,,,,,,,,,,,0.25,,,,
10.1016/j.msea.2016.04.029,Al-Mg-Mn,"Homogenized 440°C×8h, Annealed 270°C×1h",304.0,405.0,12.8,,,True,,0.47,0.4,5.98,,,0.35,,,,,,,,,,,,,,,,,,,,,,
10.1016/j.msea.2016.04.029,Al-Mg-Mn-Sc-Zr,"Homogenized 440°C×8h, Annealed 270°C×1h",325.0,430.0,13.0,,,True,,0.45,0.06,6.01,,,0.02,,0.1,,,,,,,,,,,,,,,,0.25,,,,
10.1016/j.msea.2016.04.029,Al-Mg-Mn,"Homogenized 440°C×8h, Annealed 330°C×1h",186.0,320.0,22.0,,,True,,0.47,0.4,5.98,,,0.35,,,,,,,,,,,,,,,,,,,,,,
10.1016/j.msea.2016.04.029,Al-Mg-Mn-Sc-Zr,"Homogenized 300°C×8h, Annealed 270°C×1h",380.0,460.0,10.0,90.0,HB,True,,0.45,0.06,6.01,,,0.02,,0.1,,,,,,,,,,,,,,,,0.25,,,,
10.1016/j.msea.2016.04.029,Al-Mg-Mn-Sc-Zr,"Homogenized 300°C×8h, Annealed 300°C×1h",376.0,458.0,10.3,,,True,,0.45,0.06,6.01,,,0.02,,0.1,,,,,,,,,,,,,,,,0.25,,,,
10.1016/j.msea.2016.04.029,Al-Mg-Mn-Sc-Zr,"Homogenized 350°C×8h, Annealed 330°C×1h",330.0,420.0,12.5,,,True,,0.45,0.06,6.01,,,0.02,,0.1,,,,,,,,,,,,,,,,0.25,,,,
10.1016/j.msea.2016.04.029,Al-Mg-Mn-Sc-Zr,"Homogenized 350°C×8h, Annealed 300°C×1h",340.0,440.0,12.0,,,True,,0.45,0.06,6.01,,,0.02,,0.1,,,,,,,,,,,,,,,,0.25,,,,
10.1016/j.msea.2016.04.029,Al-Mg-Mn-Sc-Zr,"Homogenized 350°C×8h, Annealed 270°C×1h",350.0,445.0,11.5,,,True,,0.45,0.06,6.01,,,0.02,,0.1,,,,,,,,,,,,,,,,0.25,,,,
10.1016/j.msea.2016.04.029,Al-Mg-Mn,"Homogenized 440°C×8h, Annealed 300°C×1h",196.0,360.0,19.9,,,True,,0.47,0.4,5.98,,,0.35,,,,,,,,,,,,,,,,,,,,,,
10.1016/j.msea.2016.10.027,AA-6061,T6,265.0,308.0,14.45,,,True,0.17,0.11,0.53,1.06,0.084,0.1,0.31,0.032,,,,,,,,,,,,,,,,,,,,,
10.1016/j.msea.2016.12.087,AA2014,T651,410.0,469.0,9.14,130.0,HV,True,4.8,0.38,0.97,0.54,0.25,,0.7,,,,,,,,,,,,,,,,,,,,,,
10.1016/j.msea.2016.12.107,AlMg5Si2Mn,T4,96.9,242.9,20.9,,,True,0.02,0.714,2.27,5.77,0.04,,0.115,0.02,,,,,,,,,,,,,,,,,,,,,
10.1016/j.msea.2016.12.107,AlMg5Si2Mn,F,90.2,204.9,6.1,,,True,0.02,0.714,2.27,5.77,0.04,,0.115,0.02,,,,,,,,,,,,,,,,,,,,,
10.1016/j.msea.2016.12.107,AlMg5Si2Mn,T6,179.6,248.6,11.5,,,True,0.02,0.714,2.27,5.77,0.04,,0.115,0.02,,,,,,,,,,,,,,,,,,,,,
10.1016/j.msea.2016.12.107,AlMg5Si2Mn,T6,153.7,222.6,3.2,,,True,0.02,0.714,2.27,5.77,0.04,,0.115,0.02,,,,,,,,,,,,,,,,,,,,,
10.1016/j.msea.2017.12.067,7055,T6,577.0,654.0,13.0,,,True,2.24,,,1.95,7.82,,,,0.16,,,,,,,,,,,,,,,,,,,,
10.1016/j.msea.2017.12.067,7055-0.25Sc,T6,602.0,628.0,12.0,,,True,2.24,,,1.93,7.81,,,,0.16,,,,,,,,,,,,,,,,0.25,,,,
10.1016/j.msea.2017.12.067,7055,T6,557.0,585.0,10.0,,,True,2.24,,,1.95,7.82,,,,0.16,,,,,,,,,,,,,,,,,,,,
10.1016/j.msea.2017.12.067,7055-0.25Sc,T6,611.0,648.0,12.0,,,True,2.24,,,1.93,7.81,,,,0.16,,,,,,,,,,,,,,,,0.25,,,,
10.1016/j.msea.2017.12.067,7055,T6,589.0,627.0,8.0,,,True,2.24,,,1.95,7.82,,,,0.16,,,,,,,,,,,,,,,,,,,,
10.1016/j.msea.2017.12.067,7055-0.25Sc,T6,600.0,679.0,14.0,,,True,2.24,,,1.93,7.81,,,,0.16,,,,,,,,,,,,,,,,0.25,,,,
10.1016/j.msea.2018.01.040,,T6,658,704,13.5,213.8,HV,True,1.76,,0.033,2.0,9.32,,0.052,,0.15,,,,,,,,,,,,,,,,,,,,
10.1016/j.msea.2018.01.040,,T79,671,683,10.3,215.8,HV,True,1.76,,0.033,2.0,9.32,,0.052,,0.15,,,,,,,,,,,,,,,,,,,,
10.1016/j.msea.2018.01.040,,T74,590,614,13.7,207.6,HV,True,1.76,,0.033,2.0,9.32,,0.052,,0.15,,,,,,,,,,,,,,,,,,,,
10.1016/j.msea.2018.01.040,,T73,546,581,14.1,193.6,HV,True,1.76,,0.033,2.0,9.32,,0.052,,0.15,,,,,,,,,,,,,,,,,,,,
10.1016/j.msea.2018.07.003,2219ScZr,novel heat treatment,536,,8.0,1425.0,MPa,True,6.5,0.32,0.05,,,,0.13,0.03,0.28,,,,,,,,,,,,,,,,0.15,,,0.06,
10.1016/j.mseb.2012.04.008,7055,T6,717,736,8.7,96.2,HRB,True,2.6,,,2.4,8.4,,,,0.2,,,,,,,,,,,,,,,,,,,,
10.1016/j.mseb.2012.04.008,7055,T6,738,755,10.0,96.4,HRB,True,2.6,,,2.4,8.4,,,,0.2,,,,,,,,,,,,,,,,,,,,
10.1016/j.mseb.2012.04.008,7055,T6,662,677,9.2,94.8,HRB,True,2.6,,,2.4,8.4,,,,0.2,,,,,,,,,,,,,,,,,,,,
10.1016/j.optlastec.2012.06.019,6061,T6,277.29,324.37,16.4,,,nominal,,,,,,,,,,,,,,,,,,,,,,,,,,,,,
10.1016/j.scriptamat.2003.12.001,8090,T8,,,,,,True,1.42,,0.03,0.76,,,0.073,0.0175,0.12,,,,,,,,,,,,2.51,,,,,,,,
10.1016/j.scriptamat.2003.12.001,8090,T8,,,,,,True,1.19,,0.03,0.77,,,0.036,0.0175,0.14,,,,,,,,,,,,2.34,,,,0.43,,,,
10.1016/j.scriptamat.2003.12.001,8090,T8,,,,,,True,1.32,,0.02,0.74,,,0.072,0.0175,0.1,,,,,,,,,,,,2.51,,,,0.22,,,,
10.1016/j.scriptamat.2003.12.001,8090,T8,,,,,,True,1.3,,0.02,0.74,,,0.072,0.0175,0.13,,,,,,,,,,,,2.52,,,,0.11,,,,
10.1016/j.scriptamat.2003.12.001,8090,T8,,,,,,True,1.19,,0.03,0.77,,,0.043,0.0175,0.14,,,,,,,,,,,,2.33,,,,0.84,,,,
10.1016/j.scriptamat.2004.07.020,7017,UA,274,435,13,,,True,0.11,0.29,0.11,2.19,4.83,0.17,0.24,0.04,0.14,,,,,,,,,,,,,,,,,,,,
10.1016/j.scriptamat.2004.07.020,7017,PA,402,469,5,,,True,0.11,0.29,0.11,2.19,4.83,0.17,0.24,0.04,0.14,,,,,,,,,,,,,,,,,,,,
10.1016/j.scriptamat.2006.04.013,2219,O,114.0,159.0,17.5,,,True,6.48,0.32,0.49,,0.04,,0.23,0.06,0.2,,,,,,,,,,,,,,,,,,,0.08,
10.1016/j.scriptamat.2008.11.032,7075,FSP+T6,461,514,16,,,nominal,,,,,,,,,,,,,,,,,,,,,,,,,,,,,
10.1016/j.scriptamat.2008.11.032,7075,T6,502,545,12,,,nominal,,,,,,,,,,,,,,,,,,,,,,,,,,,,,
10.1016/j.scriptamat.2011.12.011,,"solution treated at 530°C for 1h, water quenched, aged at 175°C for 25h",,,,,,True,3.5,,,0.4,,,,,,,,,,,,,,0.2,,,,,,,,,,,
10.1016/j.scriptamat.2011.12.011,,"solution treated at 530°C for 1h, water quenched, aged at 175°C for 32h",,,,,,True,3.5,,,0.4,,,,,,,,,,,,,,,,,,,,,,,,,
10.1016/j.solmat.2017.06.063,AA6082,T6,289.0,334.0,7.5,105.0,HV,True,0.04,0.7,1.07,1.15,0.04,0.024,0.28,0.015,,,,,,,,,0.013,,,,,0.005,,,,,,0.016,
10.1016/j.wear.2007.05.011,A356,T6,,,,,,True,,0.02,7.27,0.31,0.04,,0.1,0.1,,,,,,,,,,,,,,0.01,,,,,,,
10.1016/j.wear.2012.07.026,AA6063-T6,T6,150,185,7,585.0,MPa,True,0.1,0.3,0.5,0.65,0.2,0.1,0.35,0.2,,,,,,,,,,,,,,,,,,,,,
10.1016/s0013-7944(98)00101-5,2024,T3,345.0,483.0,17.5,,,True,4.6,0.63,0.06,1.53,0.25,0.01,0.19,0.03,,,,,,,,,,,,,,,,,,,,,
10.1016/s0921-5093(00)00805-4,6082,T6,280.0,315.0,12.0,,,True,0.1,0.7,1.0,0.9,0.2,0.25,0.5,0.1,,,,,,,,,,,,,,,,,,,,,
10.1016/s0921-5093(00)00805-4,6005A,T6,260.0,285.0,12.0,,,True,0.3,0.5,0.7,0.55,0.2,0.3,0.35,0.1,,,,,,,,,,,,,,,,,,,,,
10.1016/s0921-5093(00)01912-2,2524,T351,372,469,27,,,True,4.315,0.575,0.036,1.395,0.008,,0.0825,,,,,,,,,,,,,,,,,,,,,,
10.1016/s0921-5093(00)01912-2,2524,T351,324,489,21,,,True,4.315,0.575,0.036,1.395,0.008,,0.0825,,,,,,,,,,,,,,,,,,,,,,
10.1016/s0921-5093(02)00158-2,Al-2Mg-5Zn,NA,269.0,332.0,14.9,,VHN,True,0.012,,0.071,2.02,5.27,,0.039,0.013,,,,,,,,,,,,,,,,,,,,,
10.1016/s0921-5093(02)00158-2,Al-3Mg-5Zn,NA,293.0,371.0,15.0,,VHN,True,0.01,,0.064,3.0,5.25,,0.033,0.012,,,,,,,,,,,,,,,,,,,,,
10.1016/s0921-5093(02)00158-2,Al-4Mg-5Zn,NA,323.0,405.0,15.2,,VHN,True,0.007,,0.051,4.02,5.21,,0.038,0.012,,,,,,,,,,,,,,,,,,,,,
10.1016/s0921-5093(02)00158-2,Al-2Mg-5Zn,NAN,177.0,281.0,26.0,,VHN,True,0.012,,0.071,2.02,5.27,,0.039,0.013,,,,,,,,,,,,,,,,,,,,,
10.1016/s0921-5093(02)00158-2,Al-3Mg-5Zn,NAN,211.0,331.0,27.4,,VHN,True,0.01,,0.064,3.0,5.25,,0.033,0.012,,,,,,,,,,,,,,,,,,,,,
10.1016/s0921-5093(02)00158-2,Al-4Mg-5Zn,NAN,239.0,372.0,26.9,,VHN,True,0.007,,0.051,4.02,5.21,,0.038,0.012,,,,,,,,,,,,,,,,,,,,,
10.1016/s0921-5093(02)00456-2,6082,PA,,,,,,True,0.2,0.51,1.06,0.67,0.18,0.03,0.29,0.16,,,,,,,,,,,,,,,,,,,,,
10.1016/s0921-5093(02)00456-2,6082,UA,,,,,,True,0.2,0.51,1.06,0.67,0.18,0.03,0.29,0.16,,,,,,,,,,,,,,,,,,,,,
10.1016/s0921-5093(02)00456-2,6063,PA,,,,,,True,0.004,0.07,0.41,0.45,,0.007,0.17,,,,,,,,,,,,,,,,,,,,,,
10.1016/s0921-5093(02)00456-2,6063,UA,,,,,,True,0.004,0.07,0.41,0.45,,0.007,0.17,,,,,,,,,,,,,,,,,,,,,,
10.1016/s0924-0136(03)00806-9,2017,T351,319.2,428.1,23.8,,,True,4.29,0.58,0.52,0.6,0.08,0.02,0.29,0.02,,,,,,,,,,,,,,,,,,,,,
