doi,Si,Ge,Al,OH,H2O,HF,B,SDA Type,SDA,Temp,Time,Extracted
10.1007/s10853-016-9799-5,1.0,0.0,0.0,0.0,90.0,3.0,0.0,"N,N,N′,N′-tetramethyl-1,6-hexanediamine",37.4,170.0,168.0,Amorphous
10.1007/s10853-016-9799-5,1.0,1.0,0.0,0.0,112.5,4.0,0.0,"N,N,N′,N′-tetramethyl-1,6-hexanediamine",63.2,170.0,168.0,ITH and amorphous
10.1007/s10853-016-9799-5,1.0,0.8,0.0,0.0,67.5,4.0,0.0,"N,N,N′,N′-tetramethyl-1,6-hexanediamine",101.1,170.0,168.0,Amorphous
10.1007/s10853-016-9799-5,1.0,0.8,0.0,0.0,37.5,3.0,0.0,"N,N,N′,N′-tetramethyl-1,6-hexanediamine",37.4,170.0,168.0,Amorphous
10.1007/s10853-016-9799-5,1.0,0.8,0.0,0.0,97.5,3.0,0.0,"N,N,N′,N′-tetramethyl-1,6-hexanediamine",37.4,170.0,168.0,ITH
10.1007/s10853-016-9799-5,1.0,0.1,0.0,0.0,90.0,3.0,0.0,"N,N,N′,N′-tetramethyl-1,6-hexanediamine",37.4,170.0,168.0,ITH
10.1007/s10853-016-9799-5,1.0,0.4,0.0,0.0,105.0,3.0,0.0,"N,N,N′,N′-tetramethyl-1,6-hexanediamine",32.7,170.0,168.0,ITH
10.1007/s10853-016-9799-5,1.0,0.5,0.0,0.0,90.0,3.0,0.0,"N,N,N′,N′-tetramethyl-1,6-hexanediamine",37.4,170.0,168.0,Cu-ITH
10.1007/s10853-016-9799-5,1.0,0.5,0.0,0.0,90.0,3.0,0.0,"N,N,N′,N′-tetramethyl-1,6-hexanediamine",37.4,170.0,168.0,Cu-ITH and amorphous
10.1007/s10853-016-9799-5,1.0,0.5,0.0,0.0,90.0,3.0,0.0,"N,N,N′,N′-tetramethyl-1,6-hexanediamine",37.4,170.0,168.0,Cu-ITH and amorphous
10.1007/s10853-016-9799-5,1.0,0.5,0.0,0.0,90.0,3.0,0.0,"N,N,N′,N′-tetramethyl-1,6-hexanediamine",37.4,170.0,168.0,Co-ITH and amorphous
10.1007/s10853-016-9799-5,1.0,0.5,0.0,0.0,90.0,3.0,0.0,"N,N,N′,N′-tetramethyl-1,6-hexanediamine",37.4,170.0,168.0,Co-ITH and amorphous
10.1007/s10853-016-9799-5,1.0,0.5,0.0,0.0,90.0,3.0,0.0,"N,N,N′,N′-tetramethyl-1,6-hexanediamine",37.4,170.0,168.0,Co-ITH
10.1007/s10853-016-9799-5,1.0,0.5,0.0,0.0,90.0,3.0,0.0,"N,N,N′,N′-tetramethyl-1,6-hexanediamine",37.4,170.0,168.0,Co-ITH
10.1007/s10853-016-9799-5,1.0,1.0,0.0,0.0,52.5,4.0,0.0,"N,N,N′,N′-tetramethyl-1,6-hexanediamine",63.2,170.0,168.0,Amorphous
10.1007/s10853-016-9799-5,1.0,0.5,0.0,0.0,90.0,3.0,0.0,"N,N,N′,N′-tetramethyl-1,6-hexanediamine",37.4,170.0,168.0,Cu-ITH and amorphous
10.1007/s10934-015-0051-5,1.0,0.1,0.0,0.3,5.0,0.0,0.0,tetramethylammonium hydroxide,0.3,170.0,72.0,[Ge]PLS-1(10)
10.1007/s10934-015-0051-5,1.0,0.005,0.0,0.3,5.0,0.0,0.0,tetramethylammonium hydroxide,0.3,500.0,6.0,[Ge]CDS-1(200)
10.1007/s10934-015-0051-5,1.0,0.04,0.0,0.3,5.0,0.0,0.0,tetramethylammonium hydroxide,0.3,170.0,72.0,[Ge]PLS-1(25)
10.1007/s10934-015-0051-5,1.0,0.01,0.0,0.3,5.0,0.0,0.0,tetramethylammonium hydroxide,0.3,500.0,6.0,[Ge]CDS-1(100)
10.1007/s10934-015-0051-5,1.0,0.01,0.0,0.3,5.0,0.0,0.0,tetramethylammonium hydroxide,0.3,170.0,72.0,[Ge]PLS-1(100)
10.1007/s10934-015-0051-5,1.0,0.005,0.0,0.3,5.0,0.0,0.0,tetramethylammonium hydroxide,0.3,170.0,72.0,[Ge]PLS-1(200)
10.1007/s10934-015-0051-5,1.0,0.02,0.0,0.3,5.0,0.0,0.0,tetramethylammonium hydroxide,0.3,500.0,6.0,[Ge]CDS-1(50)
10.1007/s10934-015-0051-5,1.0,0.1,0.0,0.3,5.0,0.0,0.0,tetramethylammonium hydroxide,0.3,500.0,6.0,[Ge]CDS-1(10)
10.1007/s10934-015-0051-5,1.0,0.02,0.0,0.3,5.0,0.0,0.0,tetramethylammonium hydroxide,0.3,170.0,72.0,[Ge]PLS-1(50)
10.1007/s10934-015-0051-5,1.0,0.04,0.0,0.3,5.0,0.0,0.0,tetramethylammonium hydroxide,0.3,500.0,6.0,[Ge]CDS-1(25)
10.1007/s10934-015-0119-2,1.0,0.5,0.0,0.0,108.0,0.54,0.0,"N,N,N',N'-Tetra-methylethylenediamine",35.0,170.0,48.0,BEC and AST
10.1007/s10934-015-0119-2,1.0,1.5,0.0,0.0,72.0,0.54,0.0,"N,N,N',N'-Tetra-methylethylenediamine",35.0,170.0,48.0,BEC
10.1007/s10934-015-0119-2,1.0,0.625,0.0,0.0,72.0,0.0,0.0,"N,N,N',N'-Tetra-methylethylenediamine",35.0,170.0,48.0,No crystallization
10.1007/s10934-015-0119-2,1.0,0.5,0.0,0.0,13.5,0.54,0.0,"N,N,N',N'-Tetra-methylethylenediamine",35.0,170.0,48.0,AST
10.1007/s10934-015-0119-2,1.0,0.625,0.0,0.0,45.0,0.54,0.0,"N,N,N',N'-Tetra-methylethylenediamine",35.0,170.0,48.0,BEC
10.1007/s10934-015-0119-2,1.0,0.5,0.0,0.0,83.0,2.5,0.1,"N,N,N',N'-Tetra-methylethylenediamine",35.0,170.0,72.0,B-BEC
10.1007/s10934-015-0119-2,1.0,0.0,0.0,0.0,72.0,0.54,0.0,"N,N,N',N'-Tetra-methylethylenediamine",35.0,170.0,48.0,Amorphous
10.1007/s10934-015-0119-2,1.0,0.25,0.0,0.0,72.0,0.54,0.0,"N,N,N',N'-Tetra-methylethylenediamine",35.0,170.0,48.0,BEC
10.1007/s10934-015-0119-2,1.0,0.5,0.0,0.0,72.0,0.54,0.0,"N,N,N',N'-Tetra-methylethylenediamine",35.0,170.0,48.0,BEC
10.1007/s10934-015-0119-2,1.0,1.0,0.0,0.0,72.0,0.54,0.0,"N,N,N',N'-Tetra-methylethylenediamine",35.0,170.0,48.0,BEC
10.1007/s10934-015-0119-2,1.0,0.5,0.0,0.0,144.0,0.54,0.0,"N,N,N',N'-Tetra-methylethylenediamine",35.0,170.0,48.0,BEC + AST
10.1007/s10934-015-0119-2,1.0,0.5,0.0,0.0,18.0,0.54,0.0,"N,N,N',N'-Tetra-methylethylenediamine",35.0,170.0,48.0,AST
10.1007/s10934-015-0119-2,1.0,0.5,0.0,0.0,9.0,0.54,0.0,"N,N,N',N'-Tetra-methylethylenediamine",35.0,170.0,48.0,AST
10.1007/s11144-009-0129-7,1.0,0.05,0.01,0.5,5.0,0.56,0.0,hexamethonium dihydroxide,0.25,135.0,360.0,ITQ-13
10.1007/s11244-013-0170-7,1.0,0.099,0.022,0.549,5.495,0.549,0.0,hexamethonium hydroxide,0.275,160.0,336.0,H-ITQ-13(P)
10.1007/s11244-013-0170-7,1.0,0.099,0.022,0.549,5.495,0.615,0.0,hexamethonium hydroxide,0.275,160.0,336.0,H-ITQ-13(N)
10.1016/j.cattod.2012.10.002,1.0,0.512,0.0,0.0,38.364,0.0,0.0,7-ethyl-6-azoniaspiro[5.5]undecane hydroxide,0.895,175.0,240.0,UTL
10.1016/j.cattod.2012.10.002,1.0,0.512,0.023,0.0,38.364,0.0,0.0,7-ethyl-6-azoniaspiro[5.5]undecane hydroxide,0.895,175.0,480.0,UTL
10.1016/j.cattod.2012.10.002,1.0,0.512,0.0,0.0,38.364,0.0,0.0,7-ethyl-6-azoniaspiro[5.5]undecane hydroxide,0.895,175.0,312.0,UTL
10.1016/j.cattod.2013.10.051,1.0,0.514,0.0,0.0,37.838,0.0,0.0,"(6R,10S)-6,10-Dimethyl-5-anizosporo[4.5]decane hydroxide",0.73,175.0,144.0,UTL
10.1016/j.cattod.2014.06.041,1.0,0.5,0.0,0.75,8.333,0.0,0.167,hexamethonium dihydroxide,0.375,175.0,240.0,B-IWR
10.1016/j.inoche.2013.11.010,0.0,1.0,0.0,4.0,0.0,0.0,0.0,diethylenetriamine (DETA) and pyridine,"8 DETA, 30 pyridine",180.0,180.0,CCUT-9
10.1016/j.jcat.2006.04.036,1.0,0.0667,0.0214,0.5334,2.1334,0.5334,0.0,N(16)-methyl-sparteinium hydroxide,0.5334,175.0,24.0,ITQ-30
10.1016/j.jcat.2006.04.036,1.0,0.0,0.0,0.5,2.0,0.5,0.0,N(16)-methyl-sparteinium hydroxide,0.5,175.0,336.0,ITQ-21
10.1016/j.jcat.2006.04.036,1.0,0.0667,0.0214,0.2667,2.1334,0.2667,0.0,N(16)-methyl-sparteinium hydroxide,0.2667,175.0,24.0,ITQ-30
10.1016/j.jcat.2006.04.036,1.0,0.0,0.1,0.5,2.0,0.5,0.0,N(16)-methyl-sparteinium hydroxide,0.5,175.0,120.0,ITQ-21
10.1016/j.jcat.2006.04.036,1.0,0.0,0.04,0.5,2.0,0.5,0.0,N(16)-methyl-sparteinium hydroxide,0.5,175.0,120.0,ITQ-21
10.1016/j.jcat.2006.04.036,1.0,0.0,0.02,0.5,2.0,0.5,0.0,N(16)-methyl-sparteinium hydroxide,0.5,175.0,120.0,ITQ-21
10.1016/j.jcat.2006.04.036,1.0,0.0,0.0,0.5,2.0,0.5,0.0,N(16)-methyl-sparteinium hydroxide,0.5,175.0,120.0,ITQ-21
10.1016/j.jcat.2006.04.036,1.0,0.0667,0.0214,0.2667,2.1334,0.2667,0.0,N(16)-methyl-sparteinium hydroxide,0.2667,175.0,120.0,ITQ-30
10.1016/j.jcat.2006.04.036,1.0,0.0,0.0,0.5,2.0,0.5,0.0,N(16)-methyl-sparteinium hydroxide,0.5,175.0,720.0,ITQ-21
10.1016/j.jcat.2006.04.036,1.0,0.04,0.0208,0.26,2.08,0.26,0.0,N(16)-methyl-sparteinium hydroxide,0.26,175.0,24.0,ITQ-30
10.1016/j.jcat.2006.04.036,1.0,0.05,0.021,0.2625,2.1,0.2625,0.0,N(16)-methyl-sparteinium hydroxide,0.2625,175.0,24.0,ITQ-30
10.1016/j.jcat.2006.04.036,1.0,0.0667,0.0714,0.2667,2.1334,0.2667,0.0,N(16)-methyl-sparteinium hydroxide,0.2667,175.0,24.0,ITQ-30
10.1016/j.jcat.2006.04.036,1.0,0.0667,0.0427,0.2667,2.1334,0.2667,0.0,N(16)-methyl-sparteinium hydroxide,0.2667,175.0,24.0,ITQ-30
10.1016/j.jcat.2006.04.036,1.0,0.0667,0.0214,0.2667,10.667,0.2667,0.0,N(16)-methyl-sparteinium hydroxide,0.2667,175.0,24.0,ITQ-30
10.1016/j.jcat.2006.04.036,1.0,0.02,0.0204,0.255,2.04,0.255,0.0,N(16)-methyl-sparteinium hydroxide,0.255,175.0,24.0,ITQ-30
10.1016/j.jcat.2006.04.036,1.0,0.0667,0.0214,0.2667,5.3335,0.2667,0.0,N(16)-methyl-sparteinium hydroxide,0.2667,175.0,24.0,ITQ-30
10.1016/j.jcat.2007.12.003,1.0,0.493,0.149,0.448,2.239,0.448,0.0,hexamethonium,0.373,170.0,5.0,ITQ-33
10.1016/j.jcat.2009.08.012,1.0,0.5,0.03,0.76,22.73,0.0,0.0,"1,5-bis-(methylpyrrolidinium)-pentane",0.38,175.0,288.0,ITQ-22
10.1016/j.jcat.2016.09.007,1.0,0.02,0.0,0.53,5.3,0.53,0.0,hexamethonium dihydroxide,0.27,142.5,264.0,amorphous
10.1016/j.jcat.2016.09.007,1.0,0.1,0.034,0.53,5.3,0.53,0.0,hexamethonium dihydroxide,0.27,142.5,264.0,Al-Ge-ITQ-13
10.1016/j.jcat.2016.09.007,1.0,0.025,0.0,0.53,5.3,0.53,0.0,hexamethonium dihydroxide,0.27,142.5,264.0,ITQ-13
10.1016/j.jcat.2016.09.007,1.0,0.061,0.018,0.53,5.3,0.53,0.0,hexamethonium dihydroxide,0.27,142.5,264.0,Al-Ge-ITQ-13
10.1016/j.jcrysgro.2009.08.031,0.5,0.5,0.0,0.25,10.0,0.5,0.0,"2,4,6-tris (4-pyridyl) triazine",0.1,200.0,144.0,AST
10.1016/j.jcrysgro.2009.08.031,0.85,0.15,0.0,0.25,10.0,0.5,0.0,"2,4,6-tris (4-pyridyl) triazine",0.1,200.0,144.0,MTN
10.1016/j.jcrysgro.2009.08.031,1.0,0.0,0.0,0.25,10.0,0.5,0.0,"2,4,6-tris (4-pyridyl) triazine",0.1,200.0,144.0,MTN
10.1016/j.jcrysgro.2009.08.031,1.0,0.0,0.0,0.25,60.0,0.5,0.0,"2,4,6-tris (4-pyridyl) triazine",0.1,200.0,144.0,MTN amorphous
10.1016/j.jcrysgro.2009.08.031,1.0,0.0,0.0,0.25,10.0,0.0,0.0,"2,4,6-tris (4-pyridyl) triazine",0.1,200.0,144.0,MTN amorphous
10.1016/j.jcrysgro.2009.08.031,0.67,0.33,0.0,0.25,10.0,0.5,0.0,"2,4,6-tris (4-pyridyl) triazine",0.1,200.0,144.0,MTN AST
10.1016/j.jcrysgro.2009.08.031,1.0,0.0,0.0,0.25,10.0,0.5,0.0,"2,4,6-tris (4-pyridyl) triazine",0.1,200.0,144.0,MTN
10.1016/j.jssc.2008.12.002,1.0,0.25,0.0,0.0,10.0,0.5,0.0,3-ethyl-1-methyl-3H-imidazol-1-ium,0.75,170.0,336.0,IM-16+ε?
10.1016/j.jssc.2008.12.002,1.0,0.25,0.0,0.0,25.0,1.25,0.0,3-ethyl-1-methyl-3H-imidazol-1-ium,1.25,170.0,336.0,IM-16+MFI
10.1016/j.jssc.2008.12.002,1.0,1.0,0.0,0.0,40.0,2.0,0.0,3-ethyl-1-methyl-3H-imidazol-1-ium,2.0,170.0,336.0,IM-16+Q
10.1016/j.jssc.2008.12.002,1.0,0.67,0.0,0.0,33.33,1.67,0.0,3-ethyl-1-methyl-3H-imidazol-1-ium,1.67,170.0,336.0,IM-16+ε?
10.1016/j.jssc.2008.12.002,1.0,0.25,0.0,0.0,25.0,1.25,0.0,3-ethyl-1-methyl-3H-imidazol-1-ium,1.25,170.0,336.0,IM-16+ε?
10.1016/j.jssc.2008.12.002,1.0,0.25,0.0,0.0,3.75,0.38,0.0,3-ethyl-1-methyl-3H-imidazol-1-ium,0.38,170.0,336.0,IM-16+ε?
10.1016/j.jssc.2008.12.002,1.0,0.67,0.0,0.0,33.33,0.83,0.0,3-ethyl-1-methyl-3H-imidazol-1-ium,1.67,170.0,336.0,IM-16+ε?
10.1016/j.jssc.2008.12.002,1.0,4.0,0.0,0.0,40.0,2.5,0.0,3-ethyl-1-methyl-3H-imidazol-1-ium,2.5,170.0,336.0,Q
10.1016/j.jssc.2008.12.002,1.0,1.5,0.0,0.0,20.0,1.25,0.0,3-ethyl-1-methyl-3H-imidazol-1-ium,1.25,170.0,336.0,Q+IM-16
10.1016/j.jssc.2008.12.002,1.0,0.67,0.0,0.0,13.33,0.83,0.0,3-ethyl-1-methyl-3H-imidazol-1-ium,0.83,170.0,336.0,IM-16+ε?
10.1016/j.jssc.2008.12.002,1.0,0.25,0.0,0.0,10.0,0.63,0.0,3-ethyl-1-methyl-3H-imidazol-1-ium,0.63,170.0,336.0,IM-16+ε?
10.1016/j.jssc.2008.12.002,1.0,0.0,0.0,0.0,8.0,0.5,0.0,3-ethyl-1-methyl-3H-imidazol-1-ium,0.5,170.0,336.0,Amorphous
10.1016/j.jssc.2008.12.002,1.0,0.67,0.0,0.0,33.33,0.0,0.0,3-ethyl-1-methyl-3H-imidazol-1-ium,1.67,170.0,336.0,MFI+ε?
10.1016/j.jssc.2008.12.002,1.0,0.67,0.0,0.0,33.33,0.0,0.0,3-ethyl-1-methyl-3H-imidazol-1-ium,0.83,170.0,336.0,TON+MFI+Arg
10.1016/j.jssc.2008.12.002,1.0,0.67,0.0,0.0,33.33,1.67,0.0,3-ethyl-1-methyl-3H-imidazol-1-ium,1.67,170.0,336.0,IM-16+ε?
10.1016/j.jssc.2008.12.002,1.0,1.0,0.0,0.0,40.0,2.0,0.0,3-ethyl-1-methyl-3H-imidazol-1-ium,2.0,170.0,336.0,IM-16
10.1016/j.jssc.2014.12.031,1.0,1.0,0.0,0.0,24.0,3.0,0.0,"N,N-diethylethylenediamine",43.4,170.0,744.0,STW and GeO2
10.1016/j.jssc.2014.12.031,0.0,1.0,0.0,0.0,12.0,3.0,0.0,"N,N-diethylethylenediamine",43.4,170.0,48.0,No crystallization
10.1016/j.jssc.2014.12.031,0.0,1.0,0.0,0.0,48.0,3.0,0.0,"N,N-diethylethylenediamine",43.4,170.0,48.0,No crystallization
10.1016/j.jssc.2014.12.031,0.0,1.0,0.0,0.0,15.0,3.0,0.0,"N,N-diethylethylenediamine",43.4,170.0,48.0,STW
10.1016/j.jssc.2014.12.031,0.0,1.0,0.0,0.0,2.0,3.0,0.0,"N,N-diethylethylenediamine",43.4,170.0,48.0,No crystallization
10.1016/j.jssc.2014.12.031,0.0,1.0,0.0,0.0,36.0,0.0,0.0,"N,N-diethylethylenediamine",43.4,170.0,48.0,STW and amorphous
10.1016/j.jssc.2014.12.031,0.0,1.0,0.0,0.0,24.0,0.0,0.0,"N,N-diethylethylenediamine",43.4,170.0,48.0,GeO2
10.1016/j.jssc.2014.12.031,0.0,1.0,0.0,0.0,12.0,0.0,0.0,"N,N-diethylethylenediamine",43.4,170.0,48.0,AST
10.1016/j.jssc.2014.12.031,0.0,1.0,0.0,0.0,12.0,3.0,0.0,"N,N-diethylethylenediamine",43.4,170.0,48.0,STW and amorphous
10.1016/j.jssc.2014.12.031,0.0,1.0,0.0,0.0,90.0,3.0,0.0,"N,N-diethylethylenediamine",43.4,170.0,48.0,MFI and amorphous
10.1016/j.jssc.2014.12.031,0.0,1.0,0.0,0.0,9.45,3.0,0.0,"N,N-diethylethylenediamine",21.75,170.0,48.0,STW and GeO2
10.1016/j.jssc.2014.12.031,0.0,0.1,0.0,0.0,31.0,3.0,0.0,"N,N-diethylethylenediamine",43.4,170.0,48.0,No crystallization
10.1016/j.jssc.2014.12.031,1.0,1.0,0.0,0.0,24.0,0.0,0.0,"N,N-diethylethylenediamine",43.4,170.0,744.0,AST and amorphous
10.1016/j.jssc.2014.12.031,1.0,1.0,0.0,0.0,24.0,0.65,0.0,"N,N-diethylethylenediamine",43.4,170.0,744.0,STW and AST
10.1016/j.jssc.2014.12.031,0.8,1.0,0.0,0.0,15.0,3.0,0.0,"N,N-diethylethylenediamine",43.4,170.0,48.0,STW
10.1016/j.jssc.2014.12.031,0.8,1.0,0.0,0.0,15.0,0.0,0.0,"N,N-diethylethylenediamine",43.4,170.0,48.0,Amorphous
10.1016/j.jssc.2014.12.031,2.95,1.0,0.0,0.0,15.0,3.0,0.0,"N,N-diethylethylenediamine",43.4,170.0,48.0,STW and amorphous
10.1016/j.jssc.2014.12.031,0.8,1.0,0.0,0.0,15.0,3.0,0.0,"N,N-diethylethylenediamine",21.75,170.0,48.0,STW and GeO2
10.1016/j.jssc.2014.12.031,0.8,1.75,0.0,0.0,15.0,3.0,0.0,"N,N-diethylethylenediamine",43.4,170.0,48.0,STW and GeO2
10.1016/j.jssc.2014.12.031,0.0,0.8,0.0,0.0,12.0,3.0,0.0,"N,N-diethylethylenediamine",43.4,170.0,48.0,STW and amorphous
10.1016/j.jssc.2014.12.031,0.0,1.0,0.0,0.0,12.0,3.0,0.0,"N,N-diethylethylenediamine",43.4,170.0,48.0,STW and GeO2
10.1016/j.micromeso.2006.10.023,1.0,0.0,0.0,1.5,3.5,0.0,0.0,ethylene glycol,20.0,180.0,24.0,Quartz
10.1016/j.micromeso.2006.10.023,1.0,0.0,0.0,1.5,2.0,0.0,0.0,ethylene glycol,20.0,180.0,24.0,Quartz
10.1016/j.micromeso.2006.10.023,1.0,0.0,0.0,1.5,1.0,0.0,0.0,ethylene glycol,20.0,180.0,504.0,SOD
10.1016/j.micromeso.2006.10.023,0.67,0.33,0.0,1.5,3.5,0.6,0.0,ethylene glycol,20.0,180.0,168.0,SOD
10.1016/j.micromeso.2006.10.023,1.0,0.0,0.0,1.5,3.5,0.6,0.0,ethylene glycol,20.0,180.0,336.0,SOD
10.1016/j.micromeso.2006.10.023,0.67,0.33,0.0,1.5,3.5,0.0,0.0,ethylene glycol,20.0,180.0,24.0,Quartz
10.1016/j.micromeso.2006.10.023,0.5,0.5,0.0,1.5,0.0,0.0,0.0,ethylene glycol,20.0,180.0,168.0,SOD
10.1016/j.micromeso.2006.10.023,0.67,0.33,0.0,1.5,0.0,0.0,0.0,ethylene glycol,20.0,180.0,168.0,SOD
10.1016/j.micromeso.2006.10.023,0.8,0.2,0.0,1.5,0.0,0.0,0.0,ethylene glycol,20.0,180.0,336.0,SOD
10.1016/j.micromeso.2006.10.023,1.0,0.0,0.0,1.5,0.0,0.0,0.0,ethylene glycol,20.0,180.0,672.0,SOD
10.1016/j.micromeso.2006.10.023,1.0,0.0,0.0,1.5,0.2,0.0,0.0,ethylene glycol,20.0,180.0,504.0,SOD
10.1016/j.micromeso.2006.10.023,1.0,0.0,0.0,1.5,0.5,0.0,0.0,ethylene glycol,20.0,180.0,504.0,SOD
10.1016/j.micromeso.2006.11.005,1.0,1.11,0.0,0.0,105.56,4.0,0.0,"1,2-diaminopropane, pyridine",142.34,175.0,240.0,SU-21
10.1016/j.micromeso.2008.06.036,1.0,1.0,2.0,0.0,116.0,0.0,0.0,ethylenediamine,62.0,165.0,168.0,SU-57-II
10.1016/j.micromeso.2008.06.036,1.0,1.0,2.0,0.0,116.0,0.0,0.0,ethylenediamine,62.0,165.0,168.0,SU-57-I
10.1016/j.micromeso.2009.05.004,0.0,1.0,0.0,0.5,30.0,0.5,0.0,"4-Methyl-2,3,6,7-tetrahydro-1H,5H-pyrido[3.2.1-ij] quinolinium hydroxide and tetramethylammonium hydroxide","{'ROH': 0.25, 'TMAOH': 0.25}",150.0,120.0,"AST, non-identified phase"
10.1016/j.micromeso.2009.05.004,1.0,3.0,0.0,3.0,120.0,2.0,0.0,"4-Methyl-2,3,6,7-tetrahydro-1H,5H-pyrido[3.2.1-ij] quinolinium hydroxide and tetramethylammonium hydroxide","{'ROH': 0.25, 'TMAOH': 0.25}",150.0,120.0,"ITQ-29, AST"
10.1016/j.micromeso.2009.05.004,1.0,1.0,0.0,1.0,60.0,1.0,0.0,"4-Methyl-2,3,6,7-tetrahydro-1H,5H-pyrido[3.2.1-ij] quinolinium hydroxide and tetramethylammonium hydroxide","{'ROH': 0.25, 'TMAOH': 0.25}",150.0,120.0,ITQ-29
10.1016/j.micromeso.2009.05.004,1.0,0.49,0.0,0.75,44.78,0.75,0.0,"4-Methyl-2,3,6,7-tetrahydro-1H,5H-pyrido[3.2.1-ij] quinolinium hydroxide and tetramethylammonium hydroxide","{'ROH': 0.25, 'TMAOH': 0.25}",150.0,120.0,ITQ-29
10.1016/j.micromeso.2009.05.004,1.0,0.18,0.0,0.59,35.29,0.59,0.0,"4-Methyl-2,3,6,7-tetrahydro-1H,5H-pyrido[3.2.1-ij] quinolinium hydroxide and tetramethylammonium hydroxide","{'ROH': 0.25, 'TMAOH': 0.25}",150.0,120.0,"ITQ-29, Amorphous"
10.1016/j.micromeso.2009.05.004,1.0,0.0,0.0,0.5,30.0,0.5,0.0,"4-Methyl-2,3,6,7-tetrahydro-1H,5H-pyrido[3.2.1-ij] quinolinium hydroxide and tetramethylammonium hydroxide","{'ROH': 0.25, 'TMAOH': 0.25}",150.0,120.0,Amorphous
10.1016/j.micromeso.2009.05.004,0.0,1.0,0.0,0.5,30.0,0.5,0.0,"4-Methyl-2,3,6,7-tetrahydro-1H,5H-pyrido[3.2.1-ij] quinolinium hydroxide and tetramethylammonium hydroxide","{'ROH': 0.25, 'TMAOH': 0.25}",150.0,120.0,"AST, non-identified phase"
10.1016/j.micromeso.2009.05.004,1.0,0.49,0.0,0.75,44.78,0.75,0.0,"4-Methyl-2,3,6,7-tetrahydro-1H,5H-pyrido[3.2.1-ij] quinolinium hydroxide and tetramethylammonium hydroxide","{'ROH': 0.25, 'TMAOH': 0.25}",150.0,120.0,ITQ-29
10.1016/j.micromeso.2009.05.004,1.0,1.0,0.0,1.0,60.0,1.0,0.0,"4-Methyl-2,3,6,7-tetrahydro-1H,5H-pyrido[3.2.1-ij] quinolinium hydroxide and tetramethylammonium hydroxide","{'ROH': 0.25, 'TMAOH': 0.25}",150.0,120.0,"ITQ-29, AST"
10.1016/j.micromeso.2009.05.004,1.0,0.18,0.0,0.59,35.29,0.59,0.0,"4-Methyl-2,3,6,7-tetrahydro-1H,5H-pyrido[3.2.1-ij] quinolinium hydroxide and tetramethylammonium hydroxide","{'ROH': 0.25, 'TMAOH': 0.25}",150.0,120.0,"ITQ-29, Amorphous"
10.1016/j.micromeso.2009.05.004,1.0,3.0,0.0,3.0,120.0,2.0,0.0,"4-Methyl-2,3,6,7-tetrahydro-1H,5H-pyrido[3.2.1-ij] quinolinium hydroxide and tetramethylammonium hydroxide","{'ROH': 0.25, 'TMAOH': 0.25}",150.0,120.0,"ITQ-29, AST"
10.1016/j.micromeso.2009.05.004,1.0,0.49,0.0,0.75,44.78,1.87,0.0,"4-Methyl-2,3,6,7-tetrahydro-1H,5H-pyrido[3.2.1-ij] quinolinium hydroxide and tetramethylammonium hydroxide","{'ROH': 0.25, 'TMAOH': 0.25}",150.0,120.0,ITQ-29
10.1016/j.micromeso.2009.05.004,1.0,0.49,0.0,0.75,10.45,0.75,0.0,"4-Methyl-2,3,6,7-tetrahydro-1H,5H-pyrido[3.2.1-ij] quinolinium hydroxide and tetramethylammonium hydroxide","{'ROH': 0.25, 'TMAOH': 0.25}",150.0,120.0,ITQ-29
10.1016/j.micromeso.2009.05.004,1.0,0.49,0.0,0.75,10.45,0.75,0.0,"4-Methyl-2,3,6,7-tetrahydro-1H,5H-pyrido[3.2.1-ij] quinolinium hydroxide and tetramethylammonium hydroxide","{'ROH': 0.25, 'TMAOH': 0.25}",150.0,120.0,"ITQ-29, AST"
10.1016/j.micromeso.2009.05.004,1.0,0.49,0.0,0.75,10.45,0.75,0.0,"4-Methyl-2,3,6,7-tetrahydro-1H,5H-pyrido[3.2.1-ij] quinolinium hydroxide and tetramethylammonium hydroxide","{'ROH': 0.25, 'TMAOH': 0.25}",150.0,120.0,"ITQ-29, AST"
10.1016/j.micromeso.2009.05.004,1.0,0.49,0.0,0.75,10.45,0.75,0.0,"4-Methyl-2,3,6,7-tetrahydro-1H,5H-pyrido[3.2.1-ij] quinolinium hydroxide and tetramethylammonium hydroxide","{'ROH': 0.25, 'TMAOH': 0.25}",150.0,72.0,ITQ-29 nuclei
10.1016/j.micromeso.2009.05.004,1.0,0.49,0.0,0.75,10.45,0.75,0.0,"4-Methyl-2,3,6,7-tetrahydro-1H,5H-pyrido[3.2.1-ij] quinolinium hydroxide and tetramethylammonium hydroxide","{'ROH': 0.25, 'TMAOH': 0.25}",150.0,120.0,ITQ-29
10.1016/j.micromeso.2009.05.004,1.0,0.49,0.0,0.75,10.45,0.75,0.0,"4-Methyl-2,3,6,7-tetrahydro-1H,5H-pyrido[3.2.1-ij] quinolinium hydroxide and tetramethylammonium hydroxide","{'ROH': 0.25, 'TMAOH': 0.25}",150.0,168.0,"ITQ-29, AST"
10.1016/j.micromeso.2009.05.004,1.0,0.49,0.0,0.75,10.45,0.75,0.0,"4-Methyl-2,3,6,7-tetrahydro-1H,5H-pyrido[3.2.1-ij] quinolinium hydroxide and tetramethylammonium hydroxide","{'ROH': 0.25, 'TMAOH': 0.25}",150.0,240.0,AST
10.1016/j.micromeso.2009.05.004,1.0,0.49,0.0,0.75,10.45,0.75,0.0,"4-Methyl-2,3,6,7-tetrahydro-1H,5H-pyrido[3.2.1-ij] quinolinium hydroxide and tetramethylammonium hydroxide","{'ROH': 0.25, 'TMAOH': 0.25}",150.0,168.0,"ITQ-29, AST"
10.1016/j.micromeso.2009.05.004,1.0,0.49,0.0,0.75,44.78,0.75,0.0,"4-Methyl-2,3,6,7-tetrahydro-1H,5H-pyrido[3.2.1-ij] quinolinium hydroxide and tetramethylammonium hydroxide","{'ROH': 0.25, 'TMAOH': 0.25}",150.0,168.0,ITQ-29
10.1016/j.micromeso.2009.05.004,1.0,0.49,0.0,0.75,59.7,0.75,0.0,"4-Methyl-2,3,6,7-tetrahydro-1H,5H-pyrido[3.2.1-ij] quinolinium hydroxide and tetramethylammonium hydroxide","{'ROH': 0.25, 'TMAOH': 0.25}",150.0,168.0,"ITQ-29, amorphous"
10.1016/j.micromeso.2009.05.004,1.0,0.49,0.0,0.75,10.45,0.75,0.0,"4-Methyl-2,3,6,7-tetrahydro-1H,5H-pyrido[3.2.1-ij] quinolinium hydroxide and tetramethylammonium hydroxide","{'ROH': 0.25, 'TMAOH': 0.25}",150.0,120.0,"ITQ-29, amorphous"
10.1016/j.micromeso.2009.05.004,1.0,0.49,0.0,0.75,10.45,0.75,0.0,"4-Methyl-2,3,6,7-tetrahydro-1H,5H-pyrido[3.2.1-ij] quinolinium hydroxide and tetramethylammonium hydroxide","{'ROH': 0.25, 'TMAOH': 0.25}",150.0,120.0,ITQ-29
10.1016/j.micromeso.2009.05.004,1.0,0.49,0.0,0.75,119.4,0.75,0.0,"4-Methyl-2,3,6,7-tetrahydro-1H,5H-pyrido[3.2.1-ij] quinolinium hydroxide and tetramethylammonium hydroxide","{'ROH': 0.25, 'TMAOH': 0.25}",150.0,168.0,"ITQ-29, amorphous"
10.1016/j.micromeso.2009.05.004,1.0,0.49,0.0,0.75,44.78,0.75,0.0,"4-Methyl-2,3,6,7-tetrahydro-1H,5H-pyrido[3.2.1-ij] quinolinium hydroxide and tetramethylammonium hydroxide","{'ROH': 0.0, 'TMAOH': 0.5}",150.0,120.0,"ITQ-29, AST"
10.1016/j.micromeso.2009.05.004,1.0,0.49,0.0,0.75,44.78,0.75,0.0,"4-Methyl-2,3,6,7-tetrahydro-1H,5H-pyrido[3.2.1-ij] quinolinium hydroxide and tetramethylammonium hydroxide","{'ROH': 0.125, 'TMAOH': 0.375}",150.0,120.0,"ITQ-29, AST"
10.1016/j.micromeso.2009.05.004,1.0,0.49,0.0,0.75,44.78,0.75,0.0,"4-Methyl-2,3,6,7-tetrahydro-1H,5H-pyrido[3.2.1-ij] quinolinium hydroxide and tetramethylammonium hydroxide","{'ROH': 0.25, 'TMAOH': 0.25}",150.0,120.0,ITQ-29
10.1016/j.micromeso.2009.05.004,1.0,0.49,0.0,0.75,44.78,0.75,0.0,"4-Methyl-2,3,6,7-tetrahydro-1H,5H-pyrido[3.2.1-ij] quinolinium hydroxide and tetramethylammonium hydroxide","{'ROH': 0.5, 'TMAOH': 0.0}",150.0,120.0,"ITQ-29, non-identified phase"
10.1016/j.micromeso.2009.05.004,1.0,0.49,0.0,0.75,44.78,0.0,0.0,"4-Methyl-2,3,6,7-tetrahydro-1H,5H-pyrido[3.2.1-ij] quinolinium hydroxide and tetramethylammonium hydroxide","{'ROH': 0.25, 'TMAOH': 0.25}",150.0,120.0,ITQ-29
10.1016/j.micromeso.2009.05.004,1.0,0.49,0.0,0.75,44.78,0.37,0.0,"4-Methyl-2,3,6,7-tetrahydro-1H,5H-pyrido[3.2.1-ij] quinolinium hydroxide and tetramethylammonium hydroxide","{'ROH': 0.25, 'TMAOH': 0.25}",150.0,120.0,ITQ-29
10.1016/j.micromeso.2009.05.004,1.0,0.49,0.0,0.75,44.78,0.75,0.0,"4-Methyl-2,3,6,7-tetrahydro-1H,5H-pyrido[3.2.1-ij] quinolinium hydroxide and tetramethylammonium hydroxide","{'ROH': 0.25, 'TMAOH': 0.25}",150.0,120.0,ITQ-29
10.1016/j.micromeso.2009.05.004,1.0,0.49,0.0,0.75,44.78,1.12,0.0,"4-Methyl-2,3,6,7-tetrahydro-1H,5H-pyrido[3.2.1-ij] quinolinium hydroxide and tetramethylammonium hydroxide","{'ROH': 0.25, 'TMAOH': 0.25}",150.0,120.0,ITQ-29
10.1016/j.micromeso.2009.05.004,1.0,0.49,0.0,0.75,44.78,1.49,0.0,"4-Methyl-2,3,6,7-tetrahydro-1H,5H-pyrido[3.2.1-ij] quinolinium hydroxide and tetramethylammonium hydroxide","{'ROH': 0.25, 'TMAOH': 0.25}",150.0,120.0,ITQ-29
10.1016/j.micromeso.2009.05.004,1.0,0.0,0.0,0.5,30.0,0.5,0.0,"4-Methyl-2,3,6,7-tetrahydro-1H,5H-pyrido[3.2.1-ij] quinolinium hydroxide and tetramethylammonium hydroxide","{'ROH': 0.25, 'TMAOH': 0.25}",150.0,120.0,Amorphous
10.1016/j.micromeso.2009.05.004,1.0,0.49,0.0,0.75,10.45,0.75,0.0,"4-Methyl-2,3,6,7-tetrahydro-1H,5H-pyrido[3.2.1-ij] quinolinium hydroxide and tetramethylammonium hydroxide","{'ROH': 0.25, 'TMAOH': 0.25}",150.0,120.0,"ITQ-29, AST"
10.1016/j.micromeso.2010.10.050,1.0,0.2,0.08,0.65,8.7,0.65,0.0,N-cyclo-hexyl-pyrrolidine butyliodide,0.65,175.0,144.0,H-ITQ-7
10.1016/j.micromeso.2012.06.036,1.0,1.0,0.0,0.5,10.0,0.4,0.0,"3′,4′-dihydro-1′H-spiro[isoindoline-2,2′-isoquinolin]-2-ium",0.5,150.0,2.0,ITQ-37
10.1016/j.micromeso.2012.06.036,1.0,1.0,0.0,0.5,14.0,0.4,0.0,"3′,4′-dihydro-1′H-spiro[isoindoline-2,2′-isoquinolin]-2-ium",0.5,170.0,2.0,ITQ-37
10.1016/j.micromeso.2012.06.036,1.0,1.0,0.0,0.5,14.0,0.4,0.0,"3′,4′-dihydro-1′H-spiro[isoindoline-2,2′-isoquinolin]-2-ium",0.5,150.0,24.0,ITQ-37 + ITQ-17
10.1016/j.micromeso.2012.06.036,1.0,1.0,0.0,0.5,14.0,0.4,0.0,"3′,4′-dihydro-1′H-spiro[isoindoline-2,2′-isoquinolin]-2-ium",0.5,150.0,12.0,Amorphous
10.1016/j.micromeso.2012.06.036,1.0,1.0,0.0,0.5,14.0,0.4,0.0,"3′,4′-dihydro-1′H-spiro[isoindoline-2,2′-isoquinolin]-2-ium",0.5,150.0,6.0,Amorphous
10.1016/j.micromeso.2012.06.036,1.0,1.0,0.0,0.5,14.0,0.4,0.0,"3′,4′-dihydro-1′H-spiro[isoindoline-2,2′-isoquinolin]-2-ium",0.5,150.0,2.0,Amorphous
10.1016/j.micromeso.2012.06.036,1.0,1.0,0.0,0.5,14.0,0.4,0.0,"3′,4′-dihydro-1′H-spiro[isoindoline-2,2′-isoquinolin]-2-ium",0.5,130.0,24.0,Amorphous
10.1016/j.micromeso.2012.06.036,1.0,1.0,0.0,0.5,14.0,0.4,0.0,"3′,4′-dihydro-1′H-spiro[isoindoline-2,2′-isoquinolin]-2-ium",0.5,130.0,12.0,Amorphous
10.1016/j.micromeso.2012.06.036,1.0,1.0,0.0,0.5,14.0,0.4,0.0,"3′,4′-dihydro-1′H-spiro[isoindoline-2,2′-isoquinolin]-2-ium",0.5,130.0,6.0,Amorphous
10.1016/j.micromeso.2012.06.036,1.0,1.0,0.0,0.5,14.0,0.4,0.0,"3′,4′-dihydro-1′H-spiro[isoindoline-2,2′-isoquinolin]-2-ium",0.5,130.0,2.0,Amorphous
10.1016/j.micromeso.2012.06.036,1.0,1.0,0.0,0.5,10.0,0.4,0.0,"3′,4′-dihydro-1′H-spiro[isoindoline-2,2′-isoquinolin]-2-ium",0.5,170.0,24.0,ITQ-37
10.1016/j.micromeso.2012.06.036,1.0,1.0,0.0,0.5,10.0,0.4,0.0,"3′,4′-dihydro-1′H-spiro[isoindoline-2,2′-isoquinolin]-2-ium",0.5,170.0,12.0,ITQ-37
10.1016/j.micromeso.2012.06.036,1.0,1.0,0.0,0.5,10.0,0.4,0.0,"3′,4′-dihydro-1′H-spiro[isoindoline-2,2′-isoquinolin]-2-ium",0.5,170.0,6.0,ITQ-37
10.1016/j.micromeso.2012.06.036,1.0,1.0,0.0,0.5,10.0,0.4,0.0,"3′,4′-dihydro-1′H-spiro[isoindoline-2,2′-isoquinolin]-2-ium",0.5,170.0,2.0,ITQ-37
10.1016/j.micromeso.2012.06.036,1.0,1.0,0.0,0.5,10.0,0.4,0.0,"3′,4′-dihydro-1′H-spiro[isoindoline-2,2′-isoquinolin]-2-ium",0.5,150.0,24.0,ITQ-37
10.1016/j.micromeso.2012.06.036,1.0,1.0,0.0,0.5,10.0,0.4,0.0,"3′,4′-dihydro-1′H-spiro[isoindoline-2,2′-isoquinolin]-2-ium",0.5,150.0,12.0,ITQ-37
10.1016/j.micromeso.2012.06.036,1.0,1.0,0.0,0.5,10.0,0.4,0.0,"3′,4′-dihydro-1′H-spiro[isoindoline-2,2′-isoquinolin]-2-ium",0.5,150.0,6.0,ITQ-37
10.1016/j.micromeso.2012.06.036,1.0,1.0,0.0,0.5,6.0,0.4,0.0,"3′,4′-dihydro-1′H-spiro[isoindoline-2,2′-isoquinolin]-2-ium",0.5,170.0,12.0,ITQ-37
10.1016/j.micromeso.2012.06.036,1.0,1.0,0.0,0.5,6.0,0.4,0.0,"3′,4′-dihydro-1′H-spiro[isoindoline-2,2′-isoquinolin]-2-ium",0.5,170.0,24.0,ITQ-7
10.1016/j.micromeso.2012.06.036,1.0,1.0,0.0,0.5,10.0,0.4,0.0,"3′,4′-dihydro-1′H-spiro[isoindoline-2,2′-isoquinolin]-2-ium",0.5,130.0,2.0,Amorphous
10.1016/j.micromeso.2012.06.036,1.0,1.0,0.0,0.5,10.0,0.4,0.0,"3′,4′-dihydro-1′H-spiro[isoindoline-2,2′-isoquinolin]-2-ium",0.5,130.0,6.0,Amorphous
10.1016/j.micromeso.2012.06.036,1.0,1.0,0.0,0.5,10.0,0.4,0.0,"3′,4′-dihydro-1′H-spiro[isoindoline-2,2′-isoquinolin]-2-ium",0.5,130.0,12.0,ITQ-37
10.1016/j.micromeso.2012.06.036,1.0,1.0,0.0,0.5,14.0,0.4,0.0,"3′,4′-dihydro-1′H-spiro[isoindoline-2,2′-isoquinolin]-2-ium",0.5,170.0,6.0,ITQ-37
10.1016/j.micromeso.2012.06.036,1.0,1.0,0.0,0.5,10.0,0.4,0.0,"3′,4′-dihydro-1′H-spiro[isoindoline-2,2′-isoquinolin]-2-ium",0.5,130.0,24.0,ITQ-37
10.1016/j.micromeso.2012.06.036,1.0,1.0,0.0,0.5,14.0,0.4,0.0,"3′,4′-dihydro-1′H-spiro[isoindoline-2,2′-isoquinolin]-2-ium",0.5,170.0,12.0,ITQ-37 + ITQ-17
10.1016/j.micromeso.2012.06.036,1.0,1.0,0.04,0.5,10.0,0.4,0.0,"3′,4′-dihydro-1′H-spiro[isoindoline-2,2′-isoquinolin]-2-ium",0.5,170.0,24.0,Al-ITQ-37
10.1016/j.micromeso.2012.06.036,1.0,1.0,0.0,0.5,6.0,0.4,0.0,"3′,4′-dihydro-1′H-spiro[isoindoline-2,2′-isoquinolin]-2-ium",0.5,130.0,2.0,Amorphous
10.1016/j.micromeso.2012.06.036,1.0,1.0,0.0,0.5,6.0,0.4,0.0,"3′,4′-dihydro-1′H-spiro[isoindoline-2,2′-isoquinolin]-2-ium",0.5,130.0,6.0,Amorphous
10.1016/j.micromeso.2012.06.036,1.0,1.0,0.0,0.5,6.0,0.4,0.0,"3′,4′-dihydro-1′H-spiro[isoindoline-2,2′-isoquinolin]-2-ium",0.5,130.0,12.0,Amorphous
10.1016/j.micromeso.2012.06.036,1.0,1.0,0.0,0.5,6.0,0.4,0.0,"3′,4′-dihydro-1′H-spiro[isoindoline-2,2′-isoquinolin]-2-ium",0.5,130.0,24.0,Amorphous
10.1016/j.micromeso.2012.06.036,1.0,1.0,0.0,0.5,6.0,0.4,0.0,"3′,4′-dihydro-1′H-spiro[isoindoline-2,2′-isoquinolin]-2-ium",0.5,150.0,2.0,Amorphous
10.1016/j.micromeso.2012.06.036,1.0,1.0,0.0,0.5,6.0,0.4,0.0,"3′,4′-dihydro-1′H-spiro[isoindoline-2,2′-isoquinolin]-2-ium",0.5,150.0,6.0,Amorphous
10.1016/j.micromeso.2012.06.036,1.0,1.0,0.0,0.5,14.0,0.4,0.0,"3′,4′-dihydro-1′H-spiro[isoindoline-2,2′-isoquinolin]-2-ium",0.5,170.0,24.0,ITQ-37 + ITQ-17
10.1016/j.micromeso.2012.06.036,1.0,1.0,0.0,0.5,6.0,0.4,0.0,"3′,4′-dihydro-1′H-spiro[isoindoline-2,2′-isoquinolin]-2-ium",0.5,150.0,12.0,ITQ-37
10.1016/j.micromeso.2012.06.036,1.0,1.0,0.0,0.5,6.0,0.4,0.0,"3′,4′-dihydro-1′H-spiro[isoindoline-2,2′-isoquinolin]-2-ium",0.5,150.0,24.0,ITQ-37
10.1016/j.micromeso.2012.06.036,1.0,1.0,0.0,0.5,6.0,0.4,0.0,"3′,4′-dihydro-1′H-spiro[isoindoline-2,2′-isoquinolin]-2-ium",0.5,170.0,2.0,ITQ-37
10.1016/j.micromeso.2012.06.036,1.0,1.0,0.0,0.5,6.0,0.4,0.0,"3′,4′-dihydro-1′H-spiro[isoindoline-2,2′-isoquinolin]-2-ium",0.5,170.0,6.0,ITQ-37
10.1016/j.micromeso.2012.06.036,1.0,1.0,0.2,0.5,10.0,0.4,0.0,"3′,4′-dihydro-1′H-spiro[isoindoline-2,2′-isoquinolin]-2-ium",0.5,170.0,24.0,Al-ITQ-37
10.1016/j.micromeso.2012.06.036,1.0,1.0,0.12,0.5,10.0,0.4,0.0,"3′,4′-dihydro-1′H-spiro[isoindoline-2,2′-isoquinolin]-2-ium",0.5,170.0,24.0,Al-ITQ-37
10.1016/j.micromeso.2012.10.004,1.0,0.5,0.0,0.1,30.0,0.0,0.1,"6-azonia-spiro-[5,5]-undecane hydroxide",0.5,170.0,168.0,Na3HGe7O16•4H2O + GeO2 + chabazite
10.1016/j.micromeso.2012.10.004,1.0,0.5,0.0,0.1,30.0,0.0,0.1,"6-azonia-spiro-[5,5]-undecane hydroxide",0.5,170.0,336.0,Chabazite + Na3HGe7O16•4H2O + GeO2
10.1016/j.micromeso.2012.10.004,1.0,0.5,0.0,0.1,30.0,0.0,0.2,"6-azonia-spiro-[5,5]-undecane hydroxide",1.3,170.0,168.0,Chabazite + amorphous
10.1016/j.micromeso.2012.10.004,1.0,0.2,0.0,0.2,30.0,0.0,0.2,"6-azonia-spiro-[5,5]-undecane hydroxide",1.4,170.0,336.0,Chabazite + GeO2+ beta
10.1016/j.micromeso.2012.10.004,1.0,0.0,0.0,0.5,30.0,0.0,0.0,"6-azonia-spiro-[5,5]-undecane hydroxide",0.5,170.0,168.0,Amorphous
10.1016/j.micromeso.2012.10.004,1.0,0.0,0.0,0.5,30.0,0.0,0.0,"6-azonia-spiro-[5,5]-undecane hydroxide",0.5,170.0,336.0,Amorphous
10.1016/j.micromeso.2012.10.004,1.0,0.0,0.0,0.1,30.0,0.0,0.0667,"6-azonia-spiro-[5,5]-undecane hydroxide",0.5,170.0,168.0,Amorphous
10.1016/j.micromeso.2012.10.004,1.0,0.0,0.0,0.1,30.0,0.0,0.0667,"6-azonia-spiro-[5,5]-undecane hydroxide",0.5,170.0,336.0,Amorphous + chabazite
10.1016/j.micromeso.2012.10.004,1.0,0.5,0.0,0.1,30.0,0.0,0.2,"6-azonia-spiro-[5,5]-undecane hydroxide",1.3,170.0,336.0,Chabazite + beta
10.1016/j.micromeso.2012.10.004,1.0,0.5,0.0,0.5,30.0,0.0,0.0,"6-azonia-spiro-[5,5]-undecane hydroxide",0.5,170.0,168.0,Amorphous + ITQ-7 + GeO2
10.1016/j.micromeso.2012.10.004,1.0,0.5,0.0,0.5,30.0,0.0,0.0,"6-azonia-spiro-[5,5]-undecane hydroxide",0.5,170.0,336.0,ITQ-7 + GeO2
10.1016/j.micromeso.2012.10.004,1.0,0.2,0.0,0.1,30.0,0.0,0.2,"6-azonia-spiro-[5,5]-undecane hydroxide",1.3,170.0,336.0,Chabazite + amorphous + GeO2 + beta
10.1016/j.micromeso.2012.10.004,1.0,0.2,0.0,0.2,30.0,0.0,0.2,"6-azonia-spiro-[5,5]-undecane hydroxide",1.4,170.0,168.0,Amorphous + GeO2
10.1016/j.micromeso.2012.10.004,1.0,0.5,0.0,0.1,30.0,0.0,0.0667,"6-azonia-spiro-[5,5]-undecane hydroxide",0.5,170.0,336.0,Chabazite + GeO2
10.1016/j.micromeso.2012.10.004,1.0,0.2,0.0,0.1,30.0,0.0,0.0667,"6-azonia-spiro-[5,5]-undecane hydroxide",0.5,170.0,168.0,Amorphous + GeO2
10.1016/j.micromeso.2012.10.004,1.0,0.5,0.0,0.1,30.0,0.0,0.0667,"6-azonia-spiro-[5,5]-undecane hydroxide",0.5,170.0,168.0,Chabazite + GeO2
10.1016/j.micromeso.2012.10.004,1.0,0.2,0.0,0.1,30.0,0.0,0.2,"6-azonia-spiro-[5,5]-undecane hydroxide",1.1,170.0,168.0,Amorphous + GeO2 + chabazite
10.1016/j.micromeso.2012.10.004,1.0,0.2,0.0,0.1,30.0,0.0,0.2,"6-azonia-spiro-[5,5]-undecane hydroxide",1.1,170.0,336.0,Chabazite + beta + GeO2
10.1016/j.micromeso.2012.10.004,1.0,0.2,0.0,0.1,30.0,0.0,0.2,"6-azonia-spiro-[5,5]-undecane hydroxide",1.3,170.0,168.0,Amorphous + chabazite
10.1016/j.micromeso.2012.10.004,1.0,0.2,0.0,0.1,30.0,0.0,0.0667,"6-azonia-spiro-[5,5]-undecane hydroxide",0.5,170.0,336.0,Amorphous + chabazite + GeO2
10.1016/j.micromeso.2014.02.010,1.0,0.5,0.0,0.751,11.26,0.751,0.0,tetraethyl ammonium,0.751,140.0,96.0,ITQ-17
10.1016/j.micromeso.2014.02.010,1.0,0.5,0.0,0.751,11.26,0.751,0.0,"1-benzyl-4-aza-1-azoniacyclo[2,2,2]octane",0.751,150.0,24.0,ITQ-17
10.1016/j.micromeso.2014.02.010,1.0,0.199,0.0,0.6,2.401,0.0,0.0,hexamethonium,0.3,175.0,336.0,ITQ-17
10.1016/j.micromeso.2016.11.023,1.0,0.51,0.0,0.764,0.0,0.608,0.0,tetraethylammonium hydroxide,0.764,140.0,96.0,BEC
10.1016/j.micromeso.2017.03.033,1.0,0.05,0.067,0.5,5.0,0.56,0.0,hexamethonium dihydroxide,0.25,180.0,336.0,Amorphous
10.1016/j.micromeso.2017.03.033,1.0,0.05,0.0,0.5,5.0,0.56,0.0,hexamethonium dihydroxide,0.25,180.0,72.0,ITQ-13
10.1016/j.micromeso.2017.03.033,1.0,0.05,0.004,0.5,5.0,0.56,0.0,hexamethonium dihydroxide,0.25,180.0,72.0,ITQ-13
10.1016/j.micromeso.2017.03.033,1.0,0.05,0.005,0.5,5.0,0.56,0.0,hexamethonium dihydroxide,0.25,180.0,72.0,ITQ-13
10.1016/j.micromeso.2017.03.033,1.0,0.05,0.0067,0.5,5.0,0.56,0.0,hexamethonium dihydroxide,0.25,180.0,72.0,ITQ-13
10.1016/j.micromeso.2017.03.033,1.0,0.05,0.01,0.5,5.0,0.56,0.0,hexamethonium dihydroxide,0.25,180.0,72.0,ITQ-13
10.1016/j.micromeso.2017.03.033,1.0,0.05,0.04,0.5,5.0,0.56,0.0,hexamethonium dihydroxide,0.25,180.0,96.0,ITQ-13
10.1016/j.micromeso.2017.03.033,1.0,0.05,0.077,0.5,5.0,0.56,0.0,hexamethonium dihydroxide,0.25,180.0,336.0,Amorphous
10.1016/j.micromeso.2017.03.033,1.0,0.05,0.02,0.5,5.0,0.56,0.0,hexamethonium dihydroxide,0.25,180.0,72.0,ITQ-13
10.1016/j.micromeso.2017.03.033,1.0,0.05,0.02,0.5,5.0,0.56,0.0,hexamethonium dihydroxide,0.25,180.0,72.0,ITQ-13
10.1016/j.micromeso.2017.03.033,1.0,0.05,0.02,0.5,5.0,0.16,0.0,hexamethonium dihydroxide,0.25,180.0,72.0,ITQ-13+EU-1+amorphous
10.1016/j.micromeso.2017.03.033,1.0,0.05,0.02,0.6,5.0,0.56,0.0,hexamethonium dihydroxide,0.3,180.0,72.0,ITQ-13
10.1016/j.micromeso.2017.03.033,1.0,0.05,0.02,0.5,5.0,0.32,0.0,hexamethonium dihydroxide,0.25,180.0,72.0,ITQ-13+EU-1
10.1016/j.micromeso.2017.03.033,1.0,0.05,0.02,0.5,5.0,0.56,0.0,hexamethonium dihydroxide,0.25,180.0,72.0,ITQ-13
10.1016/j.micromeso.2017.03.033,1.0,0.05,0.02,0.5,5.0,1.28,0.0,hexamethonium dihydroxide,0.25,180.0,72.0,ITQ-13
10.1016/j.micromeso.2017.03.033,1.0,0.05,0.02,0.5,5.0,0.0,0.0,hexamethonium dihydroxide,0.25,180.0,72.0,Amorphous
10.1016/j.micromeso.2017.03.033,1.0,0.05,0.02,0.0,5.0,0.56,0.0,hexamethonium dihydroxide,0.0,180.0,288.0,Amorphous
10.1016/j.micromeso.2017.03.033,1.0,0.05,0.02,0.1,5.0,0.56,0.0,hexamethonium dihydroxide,0.05,180.0,120.0,ITQ-13 + amorphous
10.1016/j.micromeso.2017.03.033,1.0,0.05,0.02,0.4,5.0,0.56,0.0,hexamethonium dihydroxide,0.2,180.0,72.0,ITQ-13 + amorphous
10.1016/j.micromeso.2017.03.033,1.0,0.05,0.02,0.5,5.0,2.56,0.0,hexamethonium dihydroxide,0.25,180.0,72.0,ITQ-13
10.1016/j.micromeso.2017.03.033,1.0,0.05,0.02,0.2,5.0,0.56,0.0,hexamethonium dihydroxide,0.1,180.0,120.0,ITQ-13 + amorphous
10.1016/j.solidstatesciences.2007.08.002,0.0,1.0,0.0,0.0,40.0,0.0,0.0,ethylenediamine,0.5,170.0,336.0,IM-14
10.1016/j.solidstatesciences.2007.08.002,0.0,1.0,0.0,0.0,37.5,0.0,0.0,ethylenediamine,4.7,190.0,144.0,Compound I
10.1016/j.solidstatesciences.2007.08.002,0.0,1.0,0.0,0.0,25.0,0.0,0.0,ethylenediamine,8.0,170.0,168.0,Cd–En–Ge
10.1016/j.solidstatesciences.2007.08.002,0.0,1.0,0.0,0.0,19.0,0.0,0.0,ethylenediamine,10.0,170.0,168.0,FJ-1a
10.1016/j.solidstatesciences.2007.08.002,0.0,1.0,0.0,0.0,67.0,2.0,0.0,ethylenediamine,16.0,170.0,240.0,En-ASU-14
10.1016/j.solidstatesciences.2007.08.002,0.0,1.0,0.0,0.0,5.0,2.0,0.5,ethylenediamine,12.0,170.0,240.0,Compound II
10.1016/j.solidstatesciences.2007.08.002,0.0,1.0,0.0,0.0,90.0,0.0,0.0,"ethylenediamine, 1,4-diazabicyclo[2.2.2]octane",1.0,170.0,120.0,ICMM-8
10.1016/j.solidstatesciences.2007.08.002,0.0,1.0,0.0,0.0,25.0,0.0,0.0,ethylenediamine,8.0,170.0,48.0,En-ASU-7
10.1016/j.solidstatesciences.2007.08.002,0.0,1.0,0.0,0.0,100.0,0.0,0.0,"ethylenediamine, 1,4-diazabicyclo[2.2.2]octane",2.5,170.0,120.0,ICMM-6
10.1016/j.solidstatesciences.2007.08.002,0.0,1.0,0.0,0.0,55.0,2.7,0.0,"ethylenediamine, piperazine",30.0,180.0,240.0,Co–En–Ge
10.1016/j.solidstatesciences.2007.08.002,0.0,1.0,0.0,0.0,20.0,0.0,0.0,ethylenediamine,8.0,180.0,192.0,ZnGe-1A
10.1016/s1387-1811(00)00221-3,0.0,2.4,0.6,4.0,94.0,0.0,0.0,,0.0,170.0,24.0,AlGe-CAN
10.1016/s1387-1811(00)00221-3,0.0,3.0,0.0,8.0,60.0,0.0,0.0,,0.0,110.0,120.0,GaGe-CAN
10.1016/s1387-1811(02)00270-6,0.0,0.548,0.452,1.631,0.0,0.0,0.0,tetramethylammonium hydroxide,1.435,140.0,144.0,Na-AlGe-JBW
10.1016/s1387-1811(02)00270-6,0.0,0.494,0.506,1.549,0.0,0.0,0.0,tetramethylammonium hydroxide,1.18,175.0,120.0,K-AlGe-MON
10.1016/s1387-1811(02)00270-6,0.0,0.494,0.506,2.531,0.0,0.0,0.0,tetramethylammonium hydroxide,1.981,175.0,120.0,Cs-AlGe-ANA
10.1016/s1387-1811(02)00270-6,0.0,0.494,0.506,1.373,0.0,0.0,0.0,tetramethylammonium hydroxide,1.205,175.0,120.0,Rb-AlGe-Para
10.1016/s1387-1811(02)00612-1,1.0,0.2,0.0,0.0,22.46,0.0,0.0,tetra-propyl ammonium hydroxide,0.051,185.0,48.0,Ge-ZSM-5
10.1016/s1387-1811(02)00612-1,1.0,0.2,0.0,0.0,22.46,0.0,0.0,tetra-propyl ammonium hydroxide,0.051,185.0,48.0,Ge-ZSM-5
10.1016/s1387-1811(02)00612-1,1.0,0.01,0.0,0.0,22.46,0.0,0.0,tetra-propyl ammonium hydroxide,0.051,185.0,48.0,Ge-ZSM-5
10.1016/s1387-1811(02)00612-1,1.0,0.01,0.0,0.0,22.46,0.0,0.0,tetra-propyl ammonium hydroxide,0.051,185.0,48.0,Ge-ZSM-5
10.1016/s1387-1811(02)00612-1,1.0,0.04,0.0,0.0,22.46,0.0,0.0,tetra-propyl ammonium hydroxide,0.051,185.0,48.0,Ge-ZSM-5
10.1016/s1387-1811(02)00612-1,1.0,0.04,0.0,0.0,22.46,0.0,0.0,tetra-propyl ammonium hydroxide,0.051,185.0,48.0,Ge-ZSM-5
10.1016/s1387-1811(02)00612-1,1.0,0.04,0.0,0.0,22.46,0.0,0.0,tetra-propyl ammonium hydroxide,0.051,185.0,48.0,Ge-ZSM-5
10.1016/s1387-1811(02)00612-1,1.0,0.2,0.0,0.0,22.46,0.0,0.0,tetra-propyl ammonium hydroxide,0.051,185.0,48.0,Ge-ZSM-5
10.1016/s1387-1811(98)00294-7,0.0,2.0,1.0,0.0,70.0,0.0,0.0,cesium and sodium ions,0,60.0,6.0,aluminogermanate rho
10.1016/s1387-1811(99)00070-0,0.0,2.0,1.0,0.0,50.0,0.0,0.0,,0,90.0,0.25,NaGeX
10.1016/s1387-1811(99)00177-8,0.0,2.0,1.0,0.0,100.0,0.0,0.0,,0,110.0,120.0,AlGe-ABW
10.1016/s1387-1811(99)00263-2,0.0,8.24,8.24,0.0,202.8,0.0,0.0,,0,225.0,120.0,"aluminogermanate JBW, (Rb/Na)AlGeO4"
10.1038/nature00924,1.0,0.493,0.0,0.746,29.851,0.746,0.0,N-methylsparteinium hydroxide,0.746,175.0,120.0,ITQ-21
10.1038/nature00924,1.0,0.099,0.044,0.549,3.297,0.549,0.0,N-methylsparteinium hydroxide,0.549,175.0,120.0,Al-ITQ-21
10.1038/nature04097,0.0,1.0,0.0,0.0,39.0,0.0,0.0,2-methylpentamethylenediamine,9,165.0,168.0,SU-M
10.1038/nature04097,0.0,1.0,0.0,0.0,39.0,1.5,0.0,2-methylpentamethylenediamine,9,165.0,264.0,SU-MB
10.1038/nature07957,1.0,1.0,0.0,1.0,6.0,1.0,0.0,SDA2 (diquaternary ammonium molecule),0.5,175.0,24.0,ITQ-37
10.1038/nature07957,1.0,1.0,0.04,1.0,6.0,1.0,0.0,SDA2 (diquaternary ammonium molecule),0.5,175.0,24.0,ITQ-37
10.1038/nchem.2761,1.0,0.5,0.0,0.5,47.5,0.0,0.0,"(6R,10S)-6,10-dimethyl-5-azoniaspiro[4,5]decane hydroxide",0.5,175.0,312.0,UTL (29Si-enriched)
10.1038/nmat921,1.0,0.5,0.0,0.758,5.303,0.0,0.0,"1,5-bis-(methylpyrrolidinium)-pentane",0.379,175.0,168.0,ITQ-22
10.1038/nmat921,1.0,0.5,0.03,0.758,22.727,0.0,0.0,"1,5-bis-(methylpyrrolidinium)-pentane",0.379,175.0,288.0,ITQ-22
