Ref,double-checked,name,AA,temper,size,dir,YS [MPa],UTS  [Mpa],elong [%],Hardness,Hardness UNIT,Hardness location,Has HT [True / False],SS Temp 1 [C],SS time 1 [hr],SS Temp 2,SS time 2,SS Temp 3,SS time 3,SS Temp 4,SS time 4,quench,Temp 1,time 1,Temp 2,time 2,Temp 3,time 3,HT notes,Has comp [True / False / nominal],Cu,Mn,Si,Mg,Zn,Cr,Fe,Ti,Zr,Ag,Be,Bi,C,Ca,Ce,Er,Ga,Ge,Hf,La,Li,Ni,P,Pb,Sc,Sn,Sr,V,Yb,Other properties / data,Microstructure [None / OM / SEM / EBSD / TEM / APT],doi,Pfeiffer_no,series,who added,Notes,article_type,journal,publisher,included_in_dataset,pdf,xml
Kolahgar2016,True,1.5,1100,H18,1.5,,180.2,191.3,4.8,,,,False,,,,,,,,,,,,,,,,,True,0.08,0.05,0.2,,0.05,,0.42,,,,,,,,,,,,,,,,,,,,,0.01,,,,10.1007/s11661-016-3375-0,4,1000,,,journal_article,Metallurgical and Materials Transactions A,Springer Science and Business Media LLC,True,False,False
Kolahgar2016,True,2,1100,H18,2,,177.2,188.3,5.6,,,,False,,,,,,,,,,,,,,,,,True,0.08,0.05,0.2,,0.05,,0.42,,,,,,,,,,,,,,,,,,,,,0.01,,,,10.1007/s11661-016-3375-0,5,1000,,,journal_article,Metallurgical and Materials Transactions A,Springer Science and Business Media LLC,True,False,False
Kolahgar2016,True,2.5,1100,H18,2.5,,165.3,175.3,6.2,,,,False,,,,,,,,,,,,,,,,,True,0.08,0.05,0.2,,0.05,,0.42,,,,,,,,,,,,,,,,,,,,,0.01,,,,10.1007/s11661-016-3375-0,6,1000,,,journal_article,Metallurgical and Materials Transactions A,Springer Science and Business Media LLC,True,False,False
Abdulstaar2013,True,As-received,1050,,,,20.0,72.0,120.0,23.0,HV,text,False,,,,,,,,,,,,,,,,,True,,0.055,0.095,0.025,0.013,,0.135,0.015,,,,,,,,,,,,,,,,,,,,0.01,,,EBSD,10.1016/j.msea.2012.12.046,7,1000,,,journal_article,Materials Science and Engineering: A,Elsevier BV,True,False,False
Fu2014,True,2A97,,T4,,,,443.5,18.5,128.0,HV,text,False,,,,,,,,,,,,,,,,,True,3.9,0.3,,0.42,0.44,,0.12,,0.15,0.24,,,,,,,,,,,1.4,,,,,,,,,,"OM, XRD",10.1016/j.msea.2014.08.038,34,2000,,,journal_article,Materials Science and Engineering: A,Elsevier BV,True,False,False
Zhou2017,True,2A12,,T4,,,334.5,448.5,17.2,,,,False,,,,,,,,,,,,,,,,,nominal,4.35,0.6,,1.5,0.1,,0.5,0.5,,,,,,,,,,,,,,0.1,,,,,,,,,,10.1016/j.jmatprotec.2017.04.024,35,2000,,,journal_article,Journal of Materials Processing Technology,Elsevier BV,True,False,False
Zhang2013,True,3.8 to 4.9,2024,T351,,,338.0,480.0,21.0,,,,False,,,,,,,,,,,,,,,,,nominal,4.35,0.6,,1.5,0.25,,0.5,0.15,,,,,,,,,,,,,,,,,,,,,,,,10.1007/s11661-013-1778-8,36,2000,,,journal_article,Metallurgical and Materials Transactions A,Springer Science and Business Media LLC,True,False,False
Sarkar2017,True,T87 (Starting Condition),2219,T87,,,394.0,485.0,14.0,136.0,BHN,table,False,,,,,,,,,,,,,,,,,False,,,,,,,,,,,,,,,,,,,,,,,,,,,,,,HT tests,,10.1007/s11661-016-3807-x,40,2000,,,journal_article,Metallurgical and Materials Transactions A,Springer Science and Business Media LLC,True,False,False
Hata2008,True,2195-T8,2195,T8,,,503.0,537.0,,,,,False,,,,,,,,,,,,,,,,,False,,,,,,,,,,,,,,,,,,,,,,,,,,,,,,FSW,,10.1016/j.msea.2008.03.017,45,2000,,,journal_article,Materials Science and Engineering: A,Elsevier BV,True,False,False
He2013,True,T4,2024,T4,,,,457.0,21.0,,,,False,,,,,,,,,,,,,,,,,nominal,4.35,0.6,0.5,1.5,0.25,0.1,0.5,0.15,,,,,,,,,,,,,,,,,,,,,,,,10.1016/j.matlet.2013.08.093,46,2000,,,journal_article,Materials Letters,Elsevier BV,True,False,False
He2013,True,T62,2024,T62,,,,449.0,6.0,,,,False,,,,,,,,,,,,,,,,,nominal,4.35,0.6,0.5,1.5,0.25,0.1,0.5,0.15,,,,,,,,,,,,,,,,,,,,,,,,10.1016/j.matlet.2013.08.093,47,2000,,,journal_article,Materials Letters,Elsevier BV,True,False,False
Ayari2009,True,2024 T45,2024,T45,,,275.0,425.0,21.0,,,,False,,,,,,,,,,,,,,,,,False,,,,,,,,,,,,,,,,,,,,,,,,,,,,,,compression,,10.1016/j.jmatprotec.2008.04.020,48,2000,,,journal_article,Journal of Materials Processing Technology,Elsevier BV,True,False,False
Ayari2009,True,7075 T65,7075,T65,,,505.0,570.0,10.0,,,,False,,,,,,,,,,,,,,,,,False,,,,,,,,,,,,,,,,,,,,,,,,,,,,,,compression,,10.1016/j.jmatprotec.2008.04.020,49,7000,,,journal_article,Journal of Materials Processing Technology,Elsevier BV,True,False,False
Mog2016,True,17.8,2024,T351,,,324.0,429.0,17.8,137.0,HV,plot,False,,,,,,,,,,,,,,,,,True,4.45,0.72,0.11,1.53,0.12,,0.29,0.06,,,,,,,,,,,,,,,,,,,,0.08,,FSW,,10.1007/s11663-016-0611-3,70,2000,,,journal_article,Metallurgical and Materials Transactions B,Springer Science and Business Media LLC,True,False,False
Sinh2017,True,BM,2014,T651,,,410.0,469.0,9.14,,,,False,,,,,,,,,,,,,,,,,True,4.8,0.38,0.97,0.54,0.25,,0.7,,,,,,,,,,,,,,,,,,,,,,,FSW,,10.1016/j.msea.2016.12.087,71,2000,,,journal_article,Materials Science and Engineering: A,Elsevier BV,True,False,False
Venu2010,True,BM,2219,T87,,,358.0,440.0,11.7,,,,True,543.0,1,,,,,,,,163.0,24.0,,,,,7% stretching,True,5.95,0.27,0.05,,0.02,,0.12,0.06,0.1,,,,,,,,,,,,,,,,,,,0.09,,"weld, corrosion",,10.1007/s11661-010-0377-1,74,2000,,,journal_article,Metallurgical and Materials Transactions A,Springer Science and Business Media LLC,True,False,False
Safark2009,True,Bal.,2024,T4,,,320.0,450.0,9.0,,,,False,,,,,,,,,,,,,,,,,True,4.43,0.72,0.11,1.48,0.2,,0.26,,,,,,,,,,,,,,,,,,,,,,,,,10.1007/s10853-009-3735-x,91,2000,,,journal_article,Journal of Materials Science,Springer Science and Business Media LLC,True,False,False
Guerin2015,True,T34 metallurgical state,2050,T34,50mm,,280.0,470.0,20.0,,,,False,,,,,,,,,,,,,,,,,nominal,3.86,,,,,,,,,,,,,,,,,,,,0.86,,,,,,,,,corrosion and fatigue,,10.1016/j.matdes.2015.08.003,93,2000,,,journal_article,Materials & Design,Elsevier BV,True,False,False
Guerin2015,True,T84 metallurgical state,2050,T84,50mm,,520.0,590.0,10.5,,,,False,,,,,,,,,,,,,,,,,nominal,3.86,,,,,,,,,,,,,,,,,,,,0.86,,,,,,,,,corrosion and fatigue,,10.1016/j.matdes.2015.08.003,94,2000,,,journal_article,Materials & Design,Elsevier BV,True,False,False
LiuCao2014,True,B11,,T4,,,263.6,387.1,17.4,,,,True,505.0,2,520.0,8.0,,,,,,25.0,168.0,,,,,,True,4.64,0.12,0.12,0.27,,,0.14,0.21,,,,,,,,,,,,,,,,,,,,,,,,10.1007/s11661-014-2207-3,96,2000,,,journal_article,Metallurgical and Materials Transactions A,Springer Science and Business Media LLC,True,False,False
LiuCao2014,True,B11,,T7,,,413.4,454.1,6.2,,,,True,505.0,2,520.0,8.0,,,,,,185.0,5.0,,,,,,True,4.64,0.12,0.12,0.27,,,0.14,0.21,,,,,,,,,,,,,,,,,,,,,,,,10.1007/s11661-014-2207-3,97,2000,,,journal_article,Metallurgical and Materials Transactions A,Springer Science and Business Media LLC,True,False,False
LiuCao2014,True,B33,,T4,,,274.1,399.8,9.2,,,,True,505.0,2,520.0,8.0,,,,,,25.0,168.0,,,,,,True,4.61,0.32,0.29,0.29,,,0.16,0.21,,,,,,,,,,,,,,,,,,,,,,,,10.1007/s11661-014-2207-3,98,2000,,,journal_article,Metallurgical and Materials Transactions A,Springer Science and Business Media LLC,True,False,False
LiuCao2014,True,B33,,T7,,,423.3,461.1,1.3,,,,True,505.0,2,520.0,8.0,,,,,,185.0,5.0,,,,,,True,4.61,0.32,0.29,0.29,,,0.16,0.21,,,,,,,,,,,,,,,,,,,,,,,,10.1007/s11661-014-2207-3,99,2000,,,journal_article,Metallurgical and Materials Transactions A,Springer Science and Business Media LLC,True,False,False
LiuCao2014,True,333,,T4,,,269.7,393.2,12.1,,,,True,505.0,2,520.0,8.0,,,,,,25.0,168.0,,,,,,True,4.62,0.33,0.29,0.28,,,0.29,0.19,,,,,,,,,,,,,,,,,,,,,,,,10.1007/s11661-014-2207-3,100,2000,,,journal_article,Metallurgical and Materials Transactions A,Springer Science and Business Media LLC,True,False,False
LiuCao2014,True,333,,T7,,,426.9,450.3,3.1,,,,True,505.0,2,520.0,8.0,,,,,,185.0,5.0,,,,,,True,4.62,0.33,0.29,0.28,,,0.29,0.19,,,,,,,,,,,,,,,,,,,,,,,,10.1007/s11661-014-2207-3,101,2000,,,journal_article,Metallurgical and Materials Transactions A,Springer Science and Business Media LLC,True,False,False
LiuCao2014,True,533,,T4,,,261.9,362.5,7.8,,,,True,505.0,2,520.0,8.0,,,,,,25.0,168.0,,,,,,True,4.64,0.32,0.3,0.28,,,0.49,0.19,,,,,,,,,,,,,,,,,,,,,,,,10.1007/s11661-014-2207-3,102,2000,,,journal_article,Metallurgical and Materials Transactions A,Springer Science and Business Media LLC,True,False,False
LiuCao2014,True,533,,T4,,,384.2,423.8,2.8,,,,True,505.0,2,520.0,8.0,,,,,,185.0,5.0,,,,,,True,4.64,0.32,0.3,0.28,,,0.49,0.19,,,,,,,,,,,,,,,,,,,,,,,,10.1007/s11661-014-2207-3,103,2000,,,journal_article,Metallurgical and Materials Transactions A,Springer Science and Business Media LLC,True,False,False
Gous2015,True,580,,T3,,TL,299.0,437.0,21.0,,,,False,,,,,,,,,,,,,,,,,True,4.55,0.45,0.1,1.49,0.16,,0.17,0.021,,,,,,,,,,,,,,,,,,,,,,FSW,,10.1016/j.matdes.2015.06.044,104,2000,,,journal_article,Materials & Design,Elsevier BV,True,False,False
Hatamleh2009,True,2195-T8,2195,T8,,,503.0,537.0,,,,,False,,,,,,,,,,,,,,,,,nominal,4.0,0.25,0.12,0.525,0.25,,0.15,0.1,0.12,0.425,,,,,,,,,,,0.1,,,,,,,,,,,10.1016/j.msea.2009.04.049,105,2000,,,journal_article,Materials Science and Engineering: A,Elsevier BV,True,False,False
Yama2009,True,T3,2024,T3,,,316.0,459.0,17.2,,,,False,,,,,,,,,,,,,,,,,True,4.334,0.585,0.057,1.457,0.038,0.004,0.127,0.029,0.0019999999999999983,,,,,,,,,,,,,,,,,,,,,fatigue,,10.1007/s11661-008-9739-3,112,2000,,,journal_article,Metallurgical and Materials Transactions A,Springer Science and Business Media LLC,True,False,False
WhaMa2011,True,0 (as-received),2024,overaged,,,410.0,505.0,11.4,,,,False,,,,,,,,,,,,,,,,,nominal,4.35,0.6,0.5,1.5,0.25,0.1,0.5,,,,,,,,,,,,,,,2.0,,,,,,,,,,10.1016/j.msea.2011.08.015,113,2000,,,journal_article,Materials Science and Engineering: A,Elsevier BV,True,False,False
Elgallad2012,True,T7A,A206,T7,,,302.0,376.0,8.8,,,,True,500.0,12,,,,,,,warm water 65C,185.0,5.0,,,,,,True,4.32,0.24,1.17,0.19,,,0.14,,,,,,,,,,,,,,,,,,,,0.01,,,,,10.1016/j.msea.2012.07.064,117,2000,,,journal_article,Materials Science and Engineering: A,Elsevier BV,True,False,False
Elgallad2012,True,T7B,A206,T7,,,324.0,391.0,8.5,,,,True,500.0,6,515.0,8.0,,,,,warm water 65C,185.0,5.0,,,,,,True,4.32,0.24,1.17,0.19,,,0.14,,,,,,,,,,,,,,,,,,,,0.01,,,,,10.1016/j.msea.2012.07.064,118,2000,,,journal_article,Materials Science and Engineering: A,Elsevier BV,True,False,False
Elgallad2012,True,T7C,A206,T7,,,296.0,366.0,4.9,,,,True,515.0,2,525.0,8.0,,,,,warm water 65C,185.0,5.0,,,,,,True,4.32,0.24,1.17,0.19,,,0.14,,,,,,,,,,,,,,,,,,,,0.01,,,,,10.1016/j.msea.2012.07.064,119,2000,,,journal_article,Materials Science and Engineering: A,Elsevier BV,True,False,False
CepedaJimenez2011,True,2024-T351,2024,T351,12,,285.0,435.0,12.0,138.0,HV,table,False,,,,,,,,,,,,,,,,,True,5.58,0.41,0.07,1.09,0.33,0.07,0.08,0.3,,,,,,,,,,,,,,0.13,,,,,,,,,,10.1016/j.msea.2010.12.045,121,2000,,,journal_article,Materials Science and Engineering: A,Elsevier BV,True,False,False
Liao2012,True,B,,,2mm,,347.3,415.3,17.8,140.0,HV,text,True,530.0,1,,,,,,,cold water,175.0,25.0,,,,,,True,3.5,,,0.4,,,,,,,,,,,,,,0.2,,,,,,,,,,,,,,10.1016/j.scriptamat.2011.12.011,122,2000,,,journal_article,Scripta Materialia,Elsevier BV,True,False,False
KoteswaraRao2008,True,Base metal (2219-T87),2219,T87,8.4,Transverse,365.0,456.0,19.8,,,,False,,,,,,,,,,,,,,,,,True,6.7,0.3,0.1,,,,0.14,0.06,0.07,,,,,,,,,,,,,,,,,,,,,,,10.1016/j.jmatprotec.2007.08.070,127,2000,,,journal_article,Journal of Materials Processing Technology,Elsevier BV,True,False,False
Liu2006,True,,2219,O,5,,114.0,159.0,17.5,,,,False,,,,,,,,,,,,,,,,,True,6.48,0.32,0.49,,0.04,,0.23,0.06,0.2,,,,,,,,,,,,,,,,,,,0.08,,,,10.1016/j.scriptamat.2006.04.013,129,2000,,,journal_article,Scripta Materialia,Elsevier BV,True,False,False
Malarvizhi2008,True,Base metal,2219,T87,12,,392.0,475.0,15.0,140.0,HV,table,False,,,,,,,,,,,,,,,,,True,6.33,0.34,0.06,,0.02,,0.13,0.04,0.12,,,,,,,,,,,,,,,,,,,0.07,,,,10.1016/j.matdes.2007.11.005,133,2000,,,journal_article,Materials & Design,Elsevier BV,True,False,False
Yan2006,True,2024-T351 base metal,2024,T351,,,322.5,471.0,21.2,,,,False,,,,,,,,,,,,,,,,,nominal,4.4,0.6,0.5,1.5,,0.1,0.5,,,,,,,,,,,,,,,,,,,,,,,,,10.1016/j.msea.2006.04.087,139,2000,,,journal_article,Materials Science and Engineering: A,Elsevier BV,True,False,False
Yan2006,True,2524-T351 base metal,2524,T351,,,335.2,483.1,21.0,,,,False,,,,,,,,,,,,,,,,,nominal,4.315,0.575,0.036,1.395,0.008,,0.0825,,,,,,,,,,,,,,,,,,,,,,,,,10.1016/j.msea.2006.04.087,140,2000,,,journal_article,Materials Science and Engineering: A,Elsevier BV,True,False,False
Venugopal2016,True,L,2219,T87,,L,358.0,440.0,11.7,,,,False,,,,,,,,,,,,,,,,,True,5.95,0.27,0.05,,0.02,,0.12,0.06,0.1,,,,,,,,,,,,,,,,,,,0.09,,,,10.1007/s11661-016-3332-y,147,2000,,,journal_article,Metallurgical and Materials Transactions A,Springer Science and Business Media LLC,True,False,False
Venugopal2016,True,LT,2219,T87,,LT,376.0,459.0,11.6,,,,False,,,,,,,,,,,,,,,,,True,5.95,0.27,0.05,,0.02,,0.12,0.06,0.1,,,,,,,,,,,,,,,,,,,0.09,,,,10.1007/s11661-016-3332-y,148,2000,,,journal_article,Metallurgical and Materials Transactions A,Springer Science and Business Media LLC,True,False,False
Yan2016,True,L-T,2524,,2,,319.0,464.0,20.1,,,,True,498.0,0.333,,,,,,,water,25.0,96.0,,,,,,True,4.19,0.55,0.02,1.42,0.025,,0.11,0.011,,,,,,,,,,,,,,,,,,,,,,fatigue,OM/EDS/EBSD/TEM,10.1016/j.matdes.2016.08.004,154,2000,,,journal_article,Materials & Design,Elsevier BV,True,False,False
Srivatsan2001,True,27,2524,T351,12.5,L,372.0,469.0,27.0,,,,False,,,,,,,,,,,,,,,,,True,4.315,0.575,0.036,1.395,0.008,,0.0825,,,,,,,,,,,,,,,,,,,,,,,fatigue,OM/TEM,10.1016/s0921-5093(00)01912-2,157,2000,,,journal_article,Materials Science and Engineering: A,Elsevier BV,True,False,False
Srivatsan2001,True,27,2524,T351,12.5,T,324.0,489.0,21.0,,,,False,,,,,,,,,,,,,,,,,True,4.315,0.575,0.036,1.395,0.008,,0.0825,,,,,,,,,,,,,,,,,,,,,,,fatigue,OM/TEM,10.1016/s0921-5093(00)01912-2,157,2000,,,journal_article,Materials Science and Engineering: A,Elsevier BV,True,False,False
Elgallad2015,True,W2,2219,,,,300.0,375.0,3.6,80.0,HRB,table,True,540.0,8,,,,,,,RT water,190.0,8.0,,,,,,True,6.02,0.27,0.03,,0.042,,0.11,0.043,0.1,,,,,,,,,,,,,,,,,,,0.11,,,TEM,10.1016/j.msea.2014.12.002,161,2000,,,journal_article,Materials Science and Engineering: A,Elsevier BV,True,False,False
Elgallad2015,True,A2,2219,,,,120.0,265.0,6.2,48.0,HRB,table,True,540.0,8,,,,,,,air,190.0,8.0,,,,,,True,6.02,0.27,0.03,,0.042,,0.11,0.043,0.1,,,,,,,,,,,,,,,,,,,0.11,,,TEM,10.1016/j.msea.2014.12.002,162,2000,,,journal_article,Materials Science and Engineering: A,Elsevier BV,True,False,False
Elgallad2015,True,A6,2219,,,,155.0,290.0,5.3,57.0,HRB,table,True,540.0,8,,,,,,,air,120.0,24.0,190.0,8.0,,,,True,6.02,0.27,0.03,,0.042,,0.11,0.043,0.1,,,,,,,,,,,,,,,,,,,0.11,,,TEM,10.1016/j.msea.2014.12.002,163,2000,,,journal_article,Materials Science and Engineering: A,Elsevier BV,True,False,False
Elgallad2015,True,A9,2219,,,,175.0,305.0,4.5,61.0,HRB,table,True,540.0,8,,,,,,,air,120.0,36.0,190.0,8.0,,,,True,6.02,0.27,0.03,,0.042,,0.11,0.043,0.1,,,,,,,,,,,,,,,,,,,0.11,,,TEM,10.1016/j.msea.2014.12.002,164,2000,,,journal_article,Materials Science and Engineering: A,Elsevier BV,True,False,False
Chen2012,True,Al-Cu-Mn,,,,,114.0,224.0,7.2,,,,True,525.0,6,545.0,6.0,,,,,water,170.0,4.0,,,,,,True,5.0,0.98,0.02,,,,0.05,,,,,,,,,,,,,,,,,,,,,,,,TEM,10.1016/j.msea.2011.11.025,166,2000,,,journal_article,Materials Science and Engineering: A,Elsevier BV,True,False,False
Chen2012,True,Al-Cu-Mn-Ce,,,,,76.7,182.9,5.4,,,,True,525.0,6,545.0,6.0,,,,,water,170.0,4.0,,,,,,True,4.96,1.0,0.02,,,,0.05,,,,,,,,0.92,,,,,,,,,,,,,,,,TEM,10.1016/j.msea.2011.11.025,167,2000,,,journal_article,Materials Science and Engineering: A,Elsevier BV,True,False,False
DaXiang2015,True,T8,2519,T8,,,467.7,520.3,8.8,,,,True,533.0,2,,,,,,,quench and cold roll,165.0,4.0,,,,,cold rolled 50% before temper,True,5.8,0.3,0.1,0.2,,,0.2,0.05,0.2,,,,,,,,,,,,,,,,,,,0.06,,hoppy-bar,,10.1016/j.msea.2014.10.029,168,2000,,,journal_article,Materials Science and Engineering: A,Elsevier BV,True,False,False
DaXiang2015,True,T9,2519,T9,,,492.6,533.4,8.5,,,,True,533.0,2,,,,,,,quench and cold roll,25.0,24.0,,,,,"RT age, then cold rolled 50% ",True,5.8,0.3,0.1,0.2,,,0.2,0.05,0.2,,,,,,,,,,,,,,,,,,,0.06,,hoppy-bar,,10.1016/j.msea.2014.10.029,169,2000,,,journal_article,Materials Science and Engineering: A,Elsevier BV,True,False,False
Nayan2013,True,L,2195,T87,,L,557.0,591.0,9.0,,,,True,500.0,1,,,,,,,RT water,146.0,30.0,,,,,5% cold rolling + 2% stretching,True,4.2,,0.1,0.35,,,0.15,,0.15,0.35,,,,,,,,,,,1.1,,,,,,,,,cryo tension,,10.1016/j.msea.2013.08.001,170,2000,,,journal_article,Materials Science and Engineering: A,Elsevier BV,True,False,False
Nayan2013,True,LT,2195,T87,,LT,521.0,558.0,7.0,,,,True,500.0,1,,,,,,,RT water,146.0,30.0,,,,,5% cold rolling + 2% stretching,True,4.2,,0.1,0.35,,,0.15,,0.15,0.35,,,,,,,,,,,1.1,,,,,,,,,cryo tension,,10.1016/j.msea.2013.08.001,171,2000,,,journal_article,Materials Science and Engineering: A,Elsevier BV,True,False,False
Sriv2007,True,1,2024,T8,,,445.0,476.0,8.84,79.5,HRB,table,False,,,,,,,,,,,,,,,,,True,4.45,0.71,0.5,1.36,0.2,,0.5,0.15,,,,,,,,,,,,,,,,,,,,,,FSW,OIM,10.1016/j.msea.2007.02.100,176,2000,,,journal_article,Materials Science and Engineering: A,Elsevier BV,True,False,False
Liu2015,True,7B85,,T6,,,520.0,578.0,,,,,True,475.0,2,,,,,,,cold water,120.0,24.0,,,,,,True,1.4,,,1.7,7.5,,,,0.12,,,,,,,,,,,,,,,,,,,,,SAXS,TEM,10.1016/j.msea.2015.04.104,183,7000,,,journal_article,Materials Science and Engineering: A,Elsevier BV,True,False,False
Liu2015,True,7050,7050,T6,,,540.0,620.0,,,,,True,460.0,1,474.0,2.0,,,,,cold water,120.0,24.0,,,,,,True,2.16,,,2.23,5.93,,,,,,,,,,,,,,,,,,,,,,,,,SAXS,TEM,10.1016/j.msea.2015.04.104,184,7000,,,journal_article,Materials Science and Engineering: A,Elsevier BV,True,False,False
Liu2015,True,7B04,,T6,,,577.0,645.0,,,,,True,470.0,1.5,,,,,,,cold water,120.0,24.0,,,,,,True,1.58,,,2.88,6.23,,,,0.12,,,,,,,,,,,,,,,,,,,,,SAXS,TEM,10.1016/j.msea.2015.04.104,185,7000,,,journal_article,Materials Science and Engineering: A,Elsevier BV,True,False,False
Liu2015,True,7150,7150,T6,,,582.0,660.0,,,,,True,470.0,1.5,480.0,1.0,,,,,cold water,120.0,24.0,,,,,,True,2.1,,,2.25,6.56,,,,0.12,,,,,,,,,,,,,,,,,,,,,SAXS,TEM,10.1016/j.msea.2015.04.104,186,7000,,,journal_article,Materials Science and Engineering: A,Elsevier BV,True,False,False
Liu2015,True,7055,7055,T6,,,595.0,673.0,,,,,True,470.0,2,,,,,,,cold water,120.0,24.0,,,,,,True,2.16,,,2.05,8.3,,,,0.12,,,,,,,,,,,,,,,,,,,,,SAXS,TEM,10.1016/j.msea.2015.04.104,187,7000,,,journal_article,Materials Science and Engineering: A,Elsevier BV,True,False,False
Liu2015,True,7A93,,T6,,,770.0,795.0,,,,,True,450.0,1.5,475.0,2.0,,,,,cold water,120.0,24.0,,,,,,True,1.8,,,2.9,10.8,,,,0.12,,,,,,,,,,,,,,,,,,,,,SAXS,TEM,10.1016/j.msea.2015.04.104,188,7000,,,journal_article,Materials Science and Engineering: A,Elsevier BV,True,False,False
Qin2015,True,Longitudinal,2195,T8,,,500.0,560.0,12.7,,,,False,,,,,,,,,,,,,,,,,True,3.99,,,0.38,,,0.17,,0.1,0.42,,,,,,,,,,,1.09,,,,,,,,,FSW,TEM,10.1016/j.msea.2014.12.026,207,2000,,,journal_article,Materials Science and Engineering: A,Elsevier BV,True,False,False
Kuo2005,True,AA2024-T3,2024,T3,,,354.0,485.0,17.0,,,,False,,,,,,,,,,,,,,,,,False,,,,,,,,,,,,,,,,,,,,,,,,,,,,,,fracture ,,10.1016/j.msea.2004.10.014,211,2000,,,journal_article,Materials Science and Engineering: A,Elsevier BV,True,False,False
Kuo2005,True,AA2024-T81,2024,T81,,,450.0,485.0,7.0,,,,False,,,,,,,,,,,,,,,,,False,,,,,,,,,,,,,,,,,,,,,,,,,,,,,,fracture ,,10.1016/j.msea.2004.10.014,212,2000,,,journal_article,Materials Science and Engineering: A,Elsevier BV,True,False,False
Sriv2008,True,1,2219,T62,,,275.8,410.9,8.8,67.0,HRB,table,True,535.0,0.6666666666666666,,,,,,,water,191.0,36.0,,,,,,True,6.4,0.3,,,,0.18,0.06,,0.19,,,,,,,,,,,,,,,,,,,,,,OIM,10.1016/j.msea.2008.07.033,213,2000,,,journal_article,Materials Science and Engineering: A,Elsevier BV,True,False,False
Sriv2008,True,2,2219,T62,,,283.3,415.6,6.4,67.0,HRB,table,True,535.0,0.6666666666666666,,,,,,,water,191.0,36.0,,,,,,True,6.4,0.3,,,,0.18,0.06,,0.19,,,,,,,,,,,,,,,,,,,,,,OIM,10.1016/j.msea.2008.07.033,214,2000,,,journal_article,Materials Science and Engineering: A,Elsevier BV,True,False,False
Sriv2008,True,Average,2219,T62,,,279.6,413.3,7.6,67.0,HRB,table,True,535.0,0.6666666666666666,,,,,,,water,191.0,36.0,,,,,,True,6.4,0.3,,,,0.18,0.06,,0.19,,,,,,,,,,,,,,,,,,,,,,OIM,10.1016/j.msea.2008.07.033,215,2000,,,journal_article,Materials Science and Engineering: A,Elsevier BV,True,False,False
Ludian2007,True,As-extruded,2024,,,,175.0,295.0,14.5,85.0,HV,table,True,495.0,1,,,,,,,water,,,,,,,,False,,,,,,,,,,,,,,,,,,,,,,,,,,,,,,"fatigue, surface treatment",OIM,10.1016/j.msea.2006.07.169,224,2000,,,journal_article,Materials Science and Engineering: A,Elsevier BV,True,False,False
Ludian2007,True,T4,2024,T4,,,415.0,595.0,17.0,165.0,HV,table,True,495.0,1,,,,,,,water,25.0,120.0,,,,,,False,,,,,,,,,,,,,,,,,,,,,,,,,,,,,,"fatigue, surface treatment",OIM,10.1016/j.msea.2006.07.169,225,2000,,,journal_article,Materials Science and Engineering: A,Elsevier BV,True,False,False
Ludian2007,True,T6,2024,T6,,,370.0,460.0,11.5,152.0,HV,table,True,495.0,1,,,,,,,water,190.0,12.0,,,,,,False,,,,,,,,,,,,,,,,,,,,,,,,,,,,,,"fatigue, surface treatment",OIM,10.1016/j.msea.2006.07.169,226,2000,,,journal_article,Materials Science and Engineering: A,Elsevier BV,True,False,False
Zhang2016,True,LT,2060,T8,,,428.0,499.0,14.3,152.0,HV,table,False,,,,,,,,,,,,,,,,,nominal,3.8,0.3,,0.8500000000000001,0.375,,,,0.11,0.3,,,,,,,,,,,0.75,,,,,,,,,welding,OIM,10.1016/j.jmatprotec.2016.06.021,240,2000,,,journal_article,Journal of Materials Processing Technology,Elsevier BV,True,False,False
Zhang2016,True,TL,2060,T8,,,414.0,498.0,14.0,,,,False,,,,,,,,,,,,,,,,,nominal,3.8,0.3,,0.8500000000000001,0.375,,,,0.11,0.3,,,,,,,,,,,0.75,,,,,,,,,welding,OIM,10.1016/j.jmatprotec.2016.06.021,241,2000,,,journal_article,Journal of Materials Processing Technology,Elsevier BV,True,False,False
LiuFujii2003,True,Balance,2017,T351,5mm,,319.2,428.1,23.8,,,,False,,,,,,,,,,,,,,,,,True,4.29,0.58,0.52,0.6,0.08,0.02,0.29,0.02,,,,,,,,,,,,,,,,,,,,,,FSW,,10.1016/s0924-0136(03)00806-9,250,2000,,,journal_article,Journal of Materials Processing Technology,Elsevier BV,True,False,False
Zhang2012,True,Bal.,2219,T6,7.5mm,,,432.0,,,,,False,,,,,,,,,,,,,,,,,True,6.48,0.32,0.49,,0.04,,0.23,0.06,0.2,,,,,,,,,,,,,,,,,,,0.08,,FSW,,10.1007/s11665-011-0060-8,251,2000,,,journal_article,Journal of Materials Engineering and Performance,Springer Science and Business Media LLC,True,False,False
Vidal2014,True,383.8,2024,T351,4mm,,383.8,533.8,22.0,,,,False,,,,,,,,,,,,,,,,,nominal,6.2,0.55,,3.38,,,,,,,,,,,,,,,,,,,,,,,,,,FSW,,10.1007/s11665-014-0875-1,252,2000,,,journal_article,Journal of Materials Engineering and Performance,Springer Science and Business Media LLC,True,False,False
Khan2018,True,Solution treated (ST),2219,,,,43.0,182.0,,,,,True,535.0,0.5833333333333334,,,,,,,water,,,,,,,,nominal,6.3,0.30000000000000004,,,0.175,,,0.060000000000000005,,,,,,,,,,,,,,,,,,,,0.1,,formability,,10.1016/j.jmatprotec.2017.12.042,254,2000,,,journal_article,Journal of Materials Processing Technology,Elsevier BV,True,False,False
Khan2018,True,Age hardened (T6),2219,T6,,,302.0,397.7,,,,,True,535.0,0.5833333333333334,,,,,,,water,160.0,36.0,,,,,,nominal,6.3,0.30000000000000004,,,0.175,,,0.060000000000000005,,,,,,,,,,,,,,,,,,,,0.1,,formability,,10.1016/j.jmatprotec.2017.12.042,255,2000,,,journal_article,Journal of Materials Processing Technology,Elsevier BV,True,False,False
LiuHu2018,True,6.48,2219,T6,,,,432.0,11.0,,,,False,,,,,,,,,,,,,,,,,True,6.48,0.32,0.49,,0.04,,0.23,0.06,0.2,,,,,,,,,,,,,,,,,,,0.08,,FSW,,10.1016/j.jmatprotec.2018.01.010,256,2000,,,journal_article,Journal of Materials Processing Technology,Elsevier BV,True,False,False
Khan2010,True,68,2024,T351,,,360.0,478.0,20.0,,,,False,,,,,,,,,,,,,,,,,False,,,,,,,,,,,,,,,,,,,,,,,,,,,,,,nanoindentation,,10.1016/j.commatsci.2010.06.018,266,2000,,,journal_article,Computational Materials Science,Elsevier BV,True,False,False
Liu2016,True,0.4 wt%Mg,,,3mm,,421.0,459.0,10.1,143.0,HV,text,True,515.0,1.5,,,,,,,water,185.0,8.0,,,,,,True,5.3,0.3,,0.4,,,,,0.15,0.5,,,,,,,,,,,,,,,,,,,,corrosion,"OM, TEM",10.1016/j.jallcom.2016.05.247,273,2000,,,journal_article,Journal of Alloys and Compounds,Elsevier BV,True,False,False
Liu2016,True,0.8 wt%Mg,,,3mm,,433.0,487.0,9.7,157.0,HV,text,True,515.0,1.5,,,,,,,water,185.0,4.0,,,,,,True,5.3,0.3,,0.8,,,,,0.15,0.5,,,,,,,,,,,,,,,,,,,,corrosion,"OM, TEM",10.1016/j.jallcom.2016.05.247,275,2000,,,journal_article,Journal of Alloys and Compounds,Elsevier BV,True,False,False
Liu2016,True,1.2 wt%Mg,,,3mm,,391.0,486.0,11.0,153.950456323337,HV,plot,True,515.0,1.5,,,,,,,water,185.0,2.0,,,,,,True,5.3,0.3,,1.2,,,,,0.15,0.5,,,,,,,,,,,,,,,,,,,,corrosion,"OM, TEM",10.1016/j.jallcom.2016.05.247,277,2000,,,journal_article,Journal of Alloys and Compounds,Elsevier BV,True,False,False
Shen2016,True,Sample 1-1,2524,,,,368.0,506.0,19.8,,,,True,360.0,2,498.0,0.5,,,,,water,25.0,96.0,,,,,hot rolled 490C before; 360C anneal is before cold rolling; 3-10% deform before NA,True,4.45,0.66,0.03,1.48,,,0.05,,,,,,,,,,,,,,,,,,,,,,,,"SEM, TEM",10.1016/j.jallcom.2016.05.317,280,2000,,,journal_article,Journal of Alloys and Compounds,Elsevier BV,True,False,False
Shen2016,True,Sample 1-2,2524,,,,378.0,512.0,21.7,,,,True,360.0,0.5,498.0,0.5,,,,,water,25.0,96.0,,,,,hot rolled 490C before; 360C anneal is after cold rolling; 3-10% deform before NA,True,4.45,0.66,0.03,1.48,,,0.05,,,,,,,,,,,,,,,,,,,,,,,,"SEM, TEM",10.1016/j.jallcom.2016.05.317,281,2000,,,journal_article,Journal of Alloys and Compounds,Elsevier BV,True,False,False
Shen2016,True,Sample 1-3,2524,,,,351.0,498.0,18.4,,,,True,360.0,2,498.0,0.5,,,,,water,25.0,96.0,,,,,hot rolled 460C before; 360C anneal is before cold rolling; 3-10% deform before NA,True,4.45,0.66,0.03,1.48,,,0.05,,,,,,,,,,,,,,,,,,,,,,,,"SEM, TEM",10.1016/j.jallcom.2016.05.317,282,2000,,,journal_article,Journal of Alloys and Compounds,Elsevier BV,True,False,False
Wang2010,True,2519A,2519,T8,2mm,L,,483.2,10.8,158.490566037735,HV,plot,True,535.0,2h,,,,,,,water,165.0,14.0,,,,,Cold roll 15% reduction,Nominal,5.8,0.3,,0.2,,,,0.05,0.2,,,,,,0.0,,,,,,,,,,,,,,,,TEM,10.1016/j.jallcom.2009.10.185,285,2000,,,journal_article,Journal of Alloys and Compounds,Elsevier BV,True,False,False
Wang2010,True,2519A-0.2Ce,2519,T8,2mm,L,,493.0,10.7,160.3,HV,text,True,535.0,2h,,,,,,,water,165.0,13.0,,,,,Cold roll 15% reduction,Nominal,5.8,0.3,,0.2,,,,0.05,0.2,,,,,,0.2,,,,,,,,,,,,,,,,TEM,10.1016/j.jallcom.2009.10.185,287,2000,,,journal_article,Journal of Alloys and Compounds,Elsevier BV,True,False,False
Wang2010,True,2519A-0.4Ce,2519,T8,2mm,L,,447.7,12.3,153.788098693759,HV,plot,True,535.0,2h,,,,,,,water,165.0,12.0,,,,,Cold roll 15% reduction,Nominal,5.8,0.3,,0.2,,,,0.05,0.2,,,,,,0.4,,,,,,,,,,,,,,,,TEM,10.1016/j.jallcom.2009.10.185,289,2000,,,journal_article,Journal of Alloys and Compounds,Elsevier BV,True,False,False
Goodarzy2014,True,T4,2024,T4,,,385.0,552.0,11.8,,,,True,500.0,0.6666666666666666,,,,,,,water,25.0,72.0,,,,,,True,4.2,0.63,0.29,1.26,,,0.42,,,,,,,,,,,,,,,,,,,,,,,,SEM,10.1016/j.jallcom.2013.09.202,298,2000,,,journal_article,Journal of Alloys and Compounds,Elsevier BV,True,False,False
Goodarzy2014,True,T6,2024,T6,,,414.0,578.0,15.8,154.37663867462,HV,plot,True,500.0,0.6666666666666666,,,,,,,water,100.0,25.0,,,,,,True,4.2,0.63,0.29,1.26,,,0.42,,,,,,,,,,,,,,,,,,,,,,,,SEM,10.1016/j.jallcom.2013.09.202,299,2000,,,journal_article,Journal of Alloys and Compounds,Elsevier BV,True,False,False
Goodarzy2014,True,T8,2024,T8,,,485.0,574.0,11.9,,,,False,,,,,,,,,,,,,,,,,True,4.2,0.63,0.29,1.26,,,0.42,,,,,,,,,,,,,,,,,,,,,,,,SEM,10.1016/j.jallcom.2013.09.202,300,2000,,,journal_article,Journal of Alloys and Compounds,Elsevier BV,True,False,False
Suresh2018,True,AA2195,2195,,,,443.0,524.0,12.1,145.0,HV,table,True,530.0,0.75,,,,,,,,160.0,24.0,,,,,,nominal,4.0,,,0.4,,,,,0.12,0.4,,,,,,,,,,,1.2,,,,0.0,,,,,,"OM, TEM, EBSD",10.1016/j.jallcom.2017.12.045,304,2000,,,journal_article,Journal of Alloys and Compounds,Elsevier BV,True,False,False
Suresh2018,True,AA2195-0.025Sc,2195,,,,485.0,586.0,10.3,163.0,HV,table,True,530.0,0.75,,,,,,,,160.0,16.0,,,,,,nominal,4.0,,,0.4,,,,,0.12,0.4,,,,,,,,,,,1.2,,,,0.025,,,,,,"OM, TEM, EBSD",10.1016/j.jallcom.2017.12.045,305,2000,,,journal_article,Journal of Alloys and Compounds,Elsevier BV,True,False,False
Suresh2018,True,AA2195-0.25Sc,2195,,,,536.0,634.0,9.2,176.0,HV,table,True,530.0,0.75,,,,,,,,160.0,16.0,,,,,,nominal,4.0,,,0.4,,,,,0.12,0.4,,,,,,,,,,,1.2,,,,0.25,,,,,,"OM, TEM, EBSD",10.1016/j.jallcom.2017.12.045,306,2000,,,journal_article,Journal of Alloys and Compounds,Elsevier BV,True,False,False
Feng2014,True,Al-4Cu-1.3Mg,,,,,310.0,385.0,9.0,128.816294208994,HV,plot,True,500.0,3,,,,,,,cold water,190.0,12.0,,,,,,True,4.0,,0.0,1.3,,,,,,,,,,,,,,,,,,,,,,,,,,,TEM,10.1016/j.jallcom.2013.08.214,307,2000,,,journal_article,Journal of Alloys and Compounds,Elsevier BV,True,False,False
Feng2014,True,Al-4Cu-1.3Mg-0.3Si,,,,,394.0,430.0,6.8,145.220852144759,HV,plot,True,500.0,3,,,,,,,cold water,190.0,12.0,,,,,,True,4.0,,0.3,1.3,,,,,,,,,,,,,,,,,,,,,,,,,,,TEM,10.1016/j.jallcom.2013.08.214,308,2000,,,journal_article,Journal of Alloys and Compounds,Elsevier BV,True,False,False
Feng2014,True,Al-4Cu-1.3Mg-0.6Si,,,,,402.0,441.0,7.2,153.791355142589,HV,plot,True,500.0,3,,,,,,,cold water,190.0,12.0,,,,,,True,4.0,,0.6,1.3,,,,,,,,,,,,,,,,,,,,,,,,,,,TEM,10.1016/j.jallcom.2013.08.214,309,2000,,,journal_article,Journal of Alloys and Compounds,Elsevier BV,True,False,False
Feng2014,True,Al-4Cu-1.3Mg-0.9Si,,,,,420.0,452.0,5.0,158.66820243323,HV,plot,True,500.0,3,,,,,,,cold water,190.0,12.0,,,,,,True,4.0,,0.9,1.3,,,,,,,,,,,,,,,,,,,,,,,,,,,TEM,10.1016/j.jallcom.2013.08.214,310,2000,,,journal_article,Journal of Alloys and Compounds,Elsevier BV,True,False,False
Lee2012,True,L (longitudinal),2024,T351,,,377.0,475.0,17.0,,,,False,,,,,,,,,,,,,,,,,nominal,4.35,0.6,0.5,1.5,0.25,0.1,0.5,0.15,,,,,,,,,,,,,,,,,,,,,,SSRT corrosion,,10.1016/j.corsci.2011.09.021,336,2000,,,journal_article,Corrosion Science,Elsevier BV,True,False,False
Lee2012,True,T (transverse),2024,T351,,,334.0,463.0,16.0,,,,False,,,,,,,,,,,,,,,,,nominal,4.35,0.6,0.5,1.5,0.25,0.1,0.5,0.15,,,,,,,,,,,,,,,,,,,,,,,,10.1016/j.corsci.2011.09.021,337,2000,,,journal_article,Corrosion Science,Elsevier BV,True,False,False
Lee2012,True,ST (short transverse),2024,T351,,,306.0,400.0,5.0,,,,False,,,,,,,,,,,,,,,,,nominal,4.35,0.6,0.5,1.5,0.25,0.1,0.5,0.15,,,,,,,,,,,,,,,,,,,,,,,,10.1016/j.corsci.2011.09.021,338,2000,,,journal_article,Corrosion Science,Elsevier BV,True,False,False
Rokhlin1999,True,345,2024,T3,,,345.0,483.0,17.5,,,,False,,,,,,,,,,,,,,,,,True,4.6,0.63,0.06,1.53,0.25,0.01,0.19,0.03,,,,,,,,,,,,,,,,,,,,,,,,10.1016/s0013-7944(98)00101-5,339,2000,,,journal_article,Engineering Fracture Mechanics,Elsevier BV,True,False,False
Kermanidis2011,True,2024 sheet,2024,T351,,L,338.0,456.0,22.4,,,,False,,,,,,,,,,,,,,,,,True,4.25,0.5,0.09,1.36,0.16,0.0083,0.019,0.02,0.0062,,,,,,,,,,,,,,,0.0004,,,,,,fatigue,OM,10.1016/j.engfracmech.2011.05.005,340,2000,,,journal_article,Engineering Fracture Mechanics,Elsevier BV,True,False,False
Kermanidis2011,True,2024 sheet,2024,T351,,LT,298.0,446.0,21.2,,,,False,,,,,,,,,,,,,,,,,True,4.25,0.5,0.09,1.36,0.16,0.0083,0.019,0.02,0.0062,,,,,,,,,,,,,,,0.0004,,,,,,fatigue,OM,10.1016/j.engfracmech.2011.05.005,341,2000,,,journal_article,Engineering Fracture Mechanics,Elsevier BV,True,False,False
Kermanidis2011,True,2024 plate,2024,T351,,L,367.0,463.0,17.8,,,,False,,,,,,,,,,,,,,,,,True,4.17,0.19,0.07,1.41,0.19,0.0061,0.014,0.03,0.007,,,,,,,,,,,,,,,0.0004,,,,,,fatigue,OM,10.1016/j.engfracmech.2011.05.005,342,2000,,,journal_article,Engineering Fracture Mechanics,Elsevier BV,True,False,False
Kermanidis2011,True,2024 plate,2024,T351,,LT,333.0,471.0,15.0,,,,False,,,,,,,,,,,,,,,,,True,4.17,0.19,0.07,1.41,0.19,0.0061,0.014,,0.007,,,,,,,,,,,,,,,0.0004,,,,,,fatigue,OM,10.1016/j.engfracmech.2011.05.005,343,2000,,,journal_article,Engineering Fracture Mechanics,Elsevier BV,True,False,False
Steglich2010,True,L,2198,T8,,,469.0,510.0,14.0,,,,False,,,,,,,,,,,,,,,,,nominal,3.2,0.5,0.08,0.13,0.35,0.05,0.15,0.1,0.11,0.3,,,,,,,,,,,0.95,,,,,,,,,,,10.1016/j.engfracmech.2010.08.021,344,2000,,,journal_article,Engineering Fracture Mechanics,Elsevier BV,True,False,False
Steglich2010,True,T,2198,T8,,,452.0,498.0,13.0,,,,False,,,,,,,,,,,,,,,,,nominal,3.2,0.5,0.08,0.13,0.35,0.05,0.15,0.1,0.11,0.3,,,,,,,,,,,0.95,,,,,,,,,,,10.1016/j.engfracmech.2010.08.021,345,2000,,,journal_article,Engineering Fracture Mechanics,Elsevier BV,True,False,False
Steglich2010,True,D,2198,T8,,,394.0,436.0,16.0,,,,False,,,,,,,,,,,,,,,,,nominal,3.2,0.5,0.08,0.13,0.35,0.05,0.15,0.1,0.11,0.3,,,,,,,,,,,0.95,,,,,,,,,,,10.1016/j.engfracmech.2010.08.021,346,2000,,,journal_article,Engineering Fracture Mechanics,Elsevier BV,True,False,False
Fersini2008,True,1.6,2024,T3,,,325.0,461.0,11.0,,,,False,,,,,,,,,,,,,,,,,False,,,,,,,,,,,,,,,,,,,,,,,,,,,,,,FSW,,10.1016/j.engfracmech.2007.04.013,347,2000,,,journal_article,Engineering Fracture Mechanics,Elsevier BV,True,False,False
Ferdous,True,370,2024,T3,4mm,,370.0,460.0,22.9,,,,False,,,,,,,,,,,,,,,,,True,4.48,0.55,0.07,1.51,0.08,0.03,0.18,0.02,,,,,,,,,,,,,,,,,,,,,,fatigue,,10.1016/j.engfailanal.2010.08.007,348,2000,,,journal_article,Engineering Failure Analysis,Elsevier BV,True,False,False
Jha2009,True,AA 2219-T6,2219,T6,,,340.0,430.0,11.0,,,,False,,,,,,,,,,,,,,,,,True,6.8,0.4,0.24,,,0.007,0.08,0.06,0.16,,,,,,,,,,,,,,,,,,,,,,,10.1016/j.engfailanal.2008.10.016,349,2000,,,journal_article,Engineering Failure Analysis,Elsevier BV,True,False,False
Jha2009,True,AA 2219-T87,2219,T87,,,356.0,452.0,12.0,,,,False,,,,,,,,,,,,,,,,,True,6.1,0.41,0.27,,,0.007,0.1,0.06,0.18,,,,,,,,,,,,,,,,,,,,,,,10.1016/j.engfailanal.2008.10.016,350,2000,,,journal_article,Engineering Failure Analysis,Elsevier BV,True,False,False
Mondol2018,True,RT,2219,T851,,,345.0,455.0,12.0,,,,False,,,,,,,,,,,,,,,,,True,6.5,0.32,0.05,,,,0.13,0.03,0.13,,,,,,,,,,,,,,,,,,,0.06,,,,10.1016/j.msea.2018.07.003,354,2000,,,journal_article,Materials Science and Engineering: A,Elsevier BV,True,False,False
Cui2014,True,"T6 (540 degC/4 h, 165 degC/5 h)",A356,T6,,,241.0,273.0,1.1,,,,True,540.0,4,,,,,,,,165.0,5.0,,,,,,True,,,6.93,0.43,,,0.09,0.12,,,,,,,,,,,,,,,,,,,,,,FSW,,10.1007/s11661-014-2494-8,370,4000,,,journal_article,Metallurgical and Materials Transactions A,Springer Science and Business Media LLC,True,False,False
Lee2013,True,As-cast,A356,,,,96.4,183.5,9.1,,,,True,,,,,,,,,,,,,,,,,True,0.14,0.01,7.18,0.35,,,0.02,0.14,,,,,,,,,,,,,,,,,,,0.02,,,CVN,,10.1016/j.msea.2012.12.029,371,4000,,,journal_article,Materials Science and Engineering: A,Elsevier BV,True,False,False
Lee2013,True,Solution treatment (540 degC); followed by artificial aging at 160 degC for 16 h,A356,T6,,,227.8,292.8,8.6,,,,True,540.0,3,,,,,,,,160.0,16.0,,,,,,True,0.14,0.01,7.18,0.35,,,0.02,0.14,,,,,,,,,,,,,,,,,,,0.02,,,CVN,,10.1016/j.msea.2012.12.029,372,4000,,,journal_article,Materials Science and Engineering: A,Elsevier BV,True,False,False
Lee2013,True,,A356,T6,,,232.8,295.5,8.2,,,,True,540.0,6,,,,,,,,160.0,16.0,,,,,,True,0.14,0.01,7.18,0.35,,,0.02,0.14,,,,,,,,,,,,,,,,,,,0.02,,,CVN,,10.1016/j.msea.2012.12.029,373,4000,,,journal_article,Materials Science and Engineering: A,Elsevier BV,True,False,False
Lee2013,True,,A356,T6,,,233.4,297.2,8.1,,,,True,540.0,12,,,,,,,,160.0,16.0,,,,,,True,0.14,0.01,7.18,0.35,,,0.02,0.14,,,,,,,,,,,,,,,,,,,0.02,,,CVN,,10.1016/j.msea.2012.12.029,374,4000,,,journal_article,Materials Science and Engineering: A,Elsevier BV,True,False,False
Lee2013,True,Artificial aging (160 degC); after solution treatment at 540 degC for 6 h,A356,T6,,,170.3,255.4,10.0,,,,True,540.0,6,,,,,,,,160.0,4.0,,,,,,True,0.14,0.01,7.18,0.35,,,0.02,0.14,,,,,,,,,,,,,,,,,,,0.02,,,CVN,,10.1016/j.msea.2012.12.029,375,4000,,,journal_article,Materials Science and Engineering: A,Elsevier BV,True,False,False
Lee2013,True,,A356,T6,,,268.7,308.1,4.1,,,,True,540.0,6,,,,,,,,160.0,48.0,,,,,,True,0.14,0.01,7.18,0.35,,,0.02,0.14,,,,,,,,,,,,,,,,,,,0.02,,,CVN,,10.1016/j.msea.2012.12.029,377,4000,,,journal_article,Materials Science and Engineering: A,Elsevier BV,True,False,False
Sha2012,True,T4,,T4,,,176.0,299.0,18.0,87.8663540445486,HV,plot,True,540.0,1,,,,,,,water,25.0,120.0,,,,,,True,0.04,0.01,6.8,0.49,0.06,,0.13,0.13,,,,,,,,,,,,,,,,,,,0.02,,,atom probe,"TEM, APT",10.1016/j.actamat.2011.10.029,394,4000,,,journal_article,Acta Materialia,Elsevier BV,True,False,False
Timelli2014,True,O6.0,A380,T1,,,173.0,344.0,5.0,,,,True,,,,,,,,,,25.0,3600.0,,,,,,True,2.846,0.257,8.314,0.251,0.897,0.08,0.793,,,,,0.013,,,,,,,,,,0.081,,0.083,,,,,,,OIM,10.1007/s11661-014-2515-7,424,4000,,,journal_article,Metallurgical and Materials Transactions A,Springer Science and Business Media LLC,True,False,False
Timelli2014,True,O3.4,A380,T1,,,160.0,333.0,5.3,,,,True,,,,,,,,,,25.0,3600.0,,,,,,True,2.846,0.257,8.314,0.251,0.897,0.08,0.793,,,,,0.013,,,,,,,,,,0.081,,0.083,,,,,,,OIM,10.1007/s11661-014-2515-7,425,4000,,,journal_article,Metallurgical and Materials Transactions A,Springer Science and Business Media LLC,True,False,False
Timelli2014,True,O3.0,A380,T1,,,148.0,306.0,4.6,,,,True,,,,,,,,,,25.0,3600.0,,,,,,True,2.846,0.257,8.314,0.251,0.897,0.08,0.793,,,,,0.013,,,,,,,,,,0.081,,0.083,,,,,,,OIM,10.1007/s11661-014-2515-7,426,4000,,,journal_article,Metallurgical and Materials Transactions A,Springer Science and Business Media LLC,True,False,False
Han2015,True,Al-12Si,,T6,,,221.0,287.0,3.3,,,,True,470.0,4,,,,,,,,235.0,5.5,,,,,,True,4.13,0.2,12.37,0.82,0.006,,0.42,0.106,,,,,,,,,,,,,,2.67,,,,,,,,high T tensile,,10.1016/j.msea.2015.03.021,427,4000,,,journal_article,Materials Science and Engineering: A,Elsevier BV,True,False,False
Mohamed2013,True,A/T6,,T6,,,307.412,338.648,,,,,True,495.0,8,,,,,,,warm water (60C),190.0,2.0,,,,,,True,1.85,0.01,9.43,0.49,,,0.08,0.22,,,,,,,,,,,,,,0.0,,,,,0.015,,,high T tensile,OIM,10.1016/j.msea.2013.03.084,429,4000,,,journal_article,Materials Science and Engineering: A,Elsevier BV,True,False,False
Mohamed2013,True,B/T6,,T6,,,309.732,337.652,,,,,True,495.0,8,,,,,,,warm water (60C),190.0,2.0,,,,,,True,1.84,0.01,9.16,0.49,,,0.08,0.22,,,,,,,,,,,,,,0.46,,,,,0.0149,,,high T tensile,OIM,10.1016/j.msea.2013.03.084,433,4000,,,journal_article,Materials Science and Engineering: A,Elsevier BV,True,False,False
Mohamed2013,True,C/T6,,T6,,,305.21,340.212,,,,,True,495.0,8,,,,,,,warm water (60C),190.0,2.0,,,,,,True,1.83,,9.1,0.45,,,0.07,0.21,0.39,,,,,,,,,,,,,0.0,,,,,0.0145,,,high T tensile,OIM,10.1016/j.msea.2013.03.084,437,4000,,,journal_article,Materials Science and Engineering: A,Elsevier BV,True,False,False
Mohamed2013,True,D/T6,,T6,,,312.512,339.852,,,,,True,495.0,8,,,,,,,warm water (60C),190.0,2.0,,,,,,True,1.86,,9.1,0.46,,,0.08,0.22,0.39,,,,,,,,,,,,,0.4,,,,,0.0122,,,high T tensile,OIM,10.1016/j.msea.2013.03.084,441,4000,,Composition converted from At Frac,journal_article,Materials Science and Engineering: A,Elsevier BV,True,False,False
Mohamed2013,True,E/T6,,T6,,,316.354,346.212,,,,,True,495.0,8,,,,,,,warm water (60C),190.0,2.0,,,,,,True,1.85,,9.01,0.45,,,0.08,0.21,0.19,,,,,,,,,,,,,0.21,,,,,0.0127,,,high T tensile,OIM,10.1016/j.msea.2013.03.084,445,4000,,,journal_article,Materials Science and Engineering: A,Elsevier BV,True,False,False
Casari2014,True,A356 - T6,,T6,,,183.2,212.0,0.99,,,,True,540.0,4,,,,,,,RT water,160.0,6.0,,,,,sand cast,True,,,7.054,0.355,,,0.092,,,,,,,,,,,,,,,0.003,,,,,,0.007,,some intermetallic characterization,,10.1016/j.msea.2014.05.059,449,4000,,,journal_article,Materials Science and Engineering: A,Elsevier BV,True,False,False
Casari2014,True,Ni - T6,,T6,,,212.7,244.6,0.9,,,,True,540.0,4,,,,,,,RT water,160.0,6.0,,,,,sand cast,True,,,6.902,0.344,,,0.087,,,,,,,,,,,,,,,0.061,,,,,,0.007,,some intermetallic characterization,,10.1016/j.msea.2014.05.059,450,4000,,,journal_article,Materials Science and Engineering: A,Elsevier BV,True,False,False
Casari2014,True,V - T6,,T6,,,216.9,250.4,1.14,,,,True,540.0,4,,,,,,,RT water,160.0,6.0,,,,,sand cast,True,,,6.992,0.349,,,0.094,,,,,,,,,,,,,,,0.003,,,,,,0.108,,some intermetallic characterization,,10.1016/j.msea.2014.05.059,451,4000,,,journal_article,Materials Science and Engineering: A,Elsevier BV,True,False,False
Casari2014,True,A356 PM - T6,,T6,,,224.3,282.0,3.22,,,,True,540.0,4,,,,,,,RT water,160.0,6.0,,,,,mold cast,True,,,7.054,0.355,,,0.092,,,,,,,,,,,,,,,0.003,,,,,,0.007,,some intermetallic characterization,,10.1016/j.msea.2014.05.059,452,4000,,,journal_article,Materials Science and Engineering: A,Elsevier BV,True,False,False
Casari2014,True,Ni PM - T6,,T6,,,228.7,284.8,3.25,,,,True,540.0,4,,,,,,,RT water,160.0,6.0,,,,,mold cast,True,,,6.902,0.344,,,0.087,,,,,,,,,,,,,,,0.061,,,,,,0.007,,some intermetallic characterization,,10.1016/j.msea.2014.05.059,453,4000,,,journal_article,Materials Science and Engineering: A,Elsevier BV,True,False,False
Casari2014,True,V PM - T6,,T6,,,224.2,289.5,3.6,,,,True,540.0,4,,,,,,,RT water,160.0,6.0,,,,,mold cast,True,,,6.992,0.349,,,0.094,,,,,,,,,,,,,,,0.003,,,,,,0.108,,some intermetallic characterization,,10.1016/j.msea.2014.05.059,454,4000,,,journal_article,Materials Science and Engineering: A,Elsevier BV,True,False,False
Park2005,True,Rheocasting,A356,T6,,,209.0,272.0,12.9,,,,True,528.0,5,,,,,,,water,170.0,6.0,,,,,,True,,,7.2,0.38,,,0.13,0.14,,,,,,,,,,,,,,,,,,,,,,corrosion,OM,10.1016/j.msea.2004.08.056,460,4000,,,journal_article,Materials Science and Engineering: A,Elsevier BV,True,False,False
Park2005,True,Low-pressure casting,A356,T6,,,251.0,294.0,4.5,,,,True,528.0,5,,,,,,,water,170.0,6.0,,,,,,True,,,7.22,0.42,,,0.09,0.11,,,,,,,,,,,,,,,,,,,,,,corrosion,OM,10.1016/j.msea.2004.08.056,461,4000,,,journal_article,Materials Science and Engineering: A,Elsevier BV,True,False,False
Wisut2012,True,GISS-T6 aging (165degC-18h),A356,T6,,,277.0,312.0,7.6,96.4878048780487,HRE,plot,True,540.0,4,,,,,,,RT water,165.0,18.0,,,,,,True,0.2,0.1,7.0,0.35,0.1,,0.2,0.23,,,,,,,,,,,,,,,,,,,,,,,OM,10.1016/j.msea.2011.11.026,491,4000,,,journal_article,Materials Science and Engineering: A,Elsevier BV,True,False,False
Wisut2012,True,GISS-T6 aging (195degC-3h),A356,T6,,,272.0,305.0,9.8,94.5853658536585,HRE,plot,True,540.0,4,,,,,,,RT water,195.0,3.0,,,,,,True,0.2,0.1,7.0,0.35,0.1,,0.2,0.23,,,,,,,,,,,,,,,,,,,,,,,OM,10.1016/j.msea.2011.11.026,492,4000,,,journal_article,Materials Science and Engineering: A,Elsevier BV,True,False,False
Wisut2012,True,GISS-T6 aging (225degC-15min),A356,T6,,,125.0,226.0,14.9,94.0975609756097,HRE,plot,True,540.0,4,,,,,,,RT water,225.0,0.25,,,,,,True,0.2,0.1,7.0,0.35,0.1,,0.2,0.23,,,,,,,,,,,,,,,,,,,,,,,OM,10.1016/j.msea.2011.11.026,493,4000,,,journal_article,Materials Science and Engineering: A,Elsevier BV,True,False,False
Fang2011,True,T4,,T4,,,151.0,285.0,14.08,,,,False,540.0,1.5,,,,,,,RT water,25.0,,,,,,doesn't specify how long for nautral aging,True,,,12.7,0.7,,,0.2,,,,,,,,,,,,,,,,,,,,,,,,,10.1016/j.msea.2011.01.041,505,4000,,,journal_article,Materials Science and Engineering: A,Elsevier BV,True,False,False
Fang2011,True,T6 (solution treatment at 540degC for 90min+aged at 180degC for 1h),,T6,,,186.0,307.0,14.0,,,,True,540.0,1.5,,,,,,,RT water,180.0,1.0,,,,,,True,,,12.7,0.7,,,0.2,,,,,,,,,,,,,,,,,,,,,,,,,10.1016/j.msea.2011.01.041,506,4000,,,journal_article,Materials Science and Engineering: A,Elsevier BV,True,False,False
Fang2011,True,T6 (solution treatment at 540degC for 90min+aged at 180degC for 2h),,T6,,,242.0,338.0,8.43,,,,True,540.0,1.5,,,,,,,RT water,180.0,2.0,,,,,,True,,,12.7,0.7,,,0.2,,,,,,,,,,,,,,,,,,,,,,,,,10.1016/j.msea.2011.01.041,507,4000,,,journal_article,Materials Science and Engineering: A,Elsevier BV,True,False,False
Fang2011,True,T6 (solution treatment at 540degC for 90min+aged at 180degC for 3h),,T6,,,282.0,365.0,7.44,,,,True,540.0,1.5,,,,,,,RT water,180.0,3.0,,,,,,True,,,12.7,0.7,,,0.2,,,,,,,,,,,,,,,,,,,,,,,,,10.1016/j.msea.2011.01.041,508,4000,,,journal_article,Materials Science and Engineering: A,Elsevier BV,True,False,False
Jiang2014,True,T6,A357,T6,,,286.0,310.0,2.56,110.0,HBS,table,True,540.0,8,,,,,,,hot water (80C),165.0,6.0,,,,,,True,,,6.75,0.63,,,0.084,0.14,,,,,,,0.0,,,,,0.0,,,,,,,,,,,SEM,10.1016/j.msea.2014.01.009,552,4000,,,journal_article,Materials Science and Engineering: A,Elsevier BV,True,False,False
Jiang2014,True,T6,A357,T6,,,290.0,322.3,3.12,115.0,HBS,table,True,540.0,8,,,,,,,hot water (80C),165.0,6.0,,,,,,True,,,6.75,0.63,,,0.084,0.14,,,,,,,0.065,,,,,0.035,,,,,,,,,,,SEM,10.1016/j.msea.2014.01.009,553,4000,,,journal_article,Materials Science and Engineering: A,Elsevier BV,True,False,False
Jiang2014,True,T6,A357,T6,,,312.2,349.1,3.89,120.0,HBS,table,True,540.0,8,,,,,,,hot water (80C),165.0,6.0,,,,,,True,,,6.75,0.63,,,0.084,0.14,,,,,,,0.13,,,,,0.07,,,,,,,,,,,SEM,10.1016/j.msea.2014.01.009,554,4000,,,journal_article,Materials Science and Engineering: A,Elsevier BV,True,False,False
Jiang2014,True,T6,A357,T6,,,287.0,324.2,3.36,116.0,HBS,table,True,540.0,8,,,,,,,hot water (80C),165.0,6.0,,,,,,True,,,6.75,0.63,,,0.084,0.14,,,,,,,0.195,,,,,0.105,,,,,,,,,,,SEM,10.1016/j.msea.2014.01.009,555,4000,,,journal_article,Materials Science and Engineering: A,Elsevier BV,True,False,False
Liang2016,True,As-cast(T6),,T6,,,236.0,282.0,1.9,,,,True,535.0,1,,,,,,,water,165.0,8.0,,,,,,True,0.01,,7.4,0.28,,,0.14,0.11,,,,,,,,,,,,,,,,,,,,,,,,10.1016/j.jmatprotec.2016.01.030,562,4000,,,journal_article,Journal of Materials Processing Technology,Elsevier BV,True,False,False
Jung2017,True,w/o UST @ 25C,,T7,,,,281.0,0.71,,,,True,490.0,2,,,,,,,,230.0,5.0,,,,,,True,3.24,0.2,12.08,0.81,,,0.24,0.08,,,,,,,,,,,,,,2.36,0.0021,,,,,,,HT tests,,10.1016/j.jallcom.2017.04.084,568,4000,,,journal_article,Journal of Alloys and Compounds,Elsevier BV,True,False,False
Jung2017,True,w/ UST @ 25C,,T7,,,,296.0,0.65,,,,True,490.0,2,,,,,,,,230.0,5.0,,,,,ultrasonic melt,True,3.24,0.2,12.08,0.81,,,0.24,0.08,,,,,,,,,,,,,,2.36,0.0021,,,,,,,HT tests,,10.1016/j.jallcom.2017.04.084,569,4000,,,journal_article,Journal of Alloys and Compounds,Elsevier BV,True,False,False
Jung2017,True,w/o UST @ 25C,,T7,,,,298.0,0.89,,,,True,490.0,2,,,,,,,,230.0,5.0,,,,,,True,3.22,0.39,11.9,0.97,,,0.41,0.09,,,,,,,,,,,,,,2.34,0.002,,,,,,,HT tests,,10.1016/j.jallcom.2017.04.084,570,4000,,,journal_article,Journal of Alloys and Compounds,Elsevier BV,True,False,False
Jung2017,True,w/ UST @ 25C,,T7,,,,305.0,0.78,,,,True,490.0,2,,,,,,,,230.0,5.0,,,,,ultrasonic melt,True,3.22,0.39,11.9,0.97,,,0.41,0.09,,,,,,,,,,,,,,2.34,0.002,,,,,,,HT tests,,10.1016/j.jallcom.2017.04.084,571,4000,,,journal_article,Journal of Alloys and Compounds,Elsevier BV,True,False,False
Jung2017,True,w/o UST @ 25C,,T7,,,,243.0,0.49,,,,True,490.0,2,,,,,,,,230.0,5.0,,,,,,True,3.32,0.59,12.15,0.82,,,0.24,0.08,,,,,,,,,,,,,,2.51,0.0022,,,,,,,HT tests,,10.1016/j.jallcom.2017.04.084,572,4000,,,journal_article,Journal of Alloys and Compounds,Elsevier BV,True,False,False
Jung2017,True,w/ UST @ 25C,,T7,,,,309.0,0.95,,,,True,490.0,2,,,,,,,,230.0,5.0,,,,,ultrasonic melt,True,3.32,0.59,12.15,0.82,,,0.24,0.08,,,,,,,,,,,,,,2.51,0.0022,,,,,,,HT tests,,10.1016/j.jallcom.2017.04.084,573,4000,,,journal_article,Journal of Alloys and Compounds,Elsevier BV,True,False,False
Jung2017,True,w/o UST @ 25C,,T7,,,,242.0,0.39,,,,True,490.0,2,,,,,,,,230.0,5.0,,,,,,True,4.17,0.35,12.81,0.86,,,0.43,0.09,,,,,,,,,,,,,,2.26,0.0034,,,,,,,HT tests,,10.1016/j.jallcom.2017.04.084,574,4000,,,journal_article,Journal of Alloys and Compounds,Elsevier BV,True,False,False
Jung2017,True,w/ UST @ 25C,,T7,,,,285.0,0.42,,,,True,490.0,2,,,,,,,,230.0,5.0,,,,,ultrasonic melt,True,4.17,0.35,12.81,0.86,,,0.43,0.09,,,,,,,,,,,,,,2.26,0.0034,,,,,,,HT tests,,10.1016/j.jallcom.2017.04.084,575,4000,,,journal_article,Journal of Alloys and Compounds,Elsevier BV,True,False,False
Jung2017,True,w/o UST @ 25C,,T7,,,,248.0,0.41,,,,True,490.0,2,,,,,,,,230.0,5.0,,,,,,True,3.79,0.18,11.97,0.82,,,0.5,0.1,,,,,,,,,,,,,,3.39,0.0023,,,,,,,HT tests,,10.1016/j.jallcom.2017.04.084,576,4000,,,journal_article,Journal of Alloys and Compounds,Elsevier BV,True,False,False
Jung2017,True,w/ UST @ 25C,,T7,,,,285.0,0.53,,,,True,490.0,2,,,,,,,,230.0,5.0,,,,,ultrasonic melt,True,3.79,0.18,11.97,0.82,,,0.5,0.1,,,,,,,,,,,,,,3.39,0.0023,,,,,,,HT tests,,10.1016/j.jallcom.2017.04.084,577,4000,,,journal_article,Journal of Alloys and Compounds,Elsevier BV,True,False,False
Vencl2008,True,A356 T6,,T6,,,276.0,304.3,13.7,1050.0,HB,table,True,548.0,6,,,,,,,water,160.0,6.0,,,,,,True,,0.02,7.27,0.31,0.04,,0.1,0.1,,,,,,,,,,,,,,0.01,,,,,,,,,,10.1016/j.wear.2007.05.011,605,4000,,,journal_article,Wear,Elsevier BV,True,False,False
Vencl2008,True,Thixo T6,,T6,,,,341.5,9.2,1150.0,HB,table,True,548.0,6,,,,,,,water,160.0,6.0,,,,,thixocast,True,,0.02,7.27,0.31,0.04,,0.1,0.1,,,,,,,,,,,,,,0.01,,,,,,,,,,10.1016/j.wear.2007.05.011,606,4000,,,journal_article,Wear,Elsevier BV,True,False,False
Zeng2014,True,197,,T6,,,197.0,283.0,12.2,,,,True,530.0,3,,,,,,,warm 50C water,160.0,2.5,,,,,,True,,,7.4,0.29,,,0.15,,,,,,,,,,,,,,,,,,,,,,,fatigue,,10.1016/j.engfracmech.2013.11.016,615,4000,,,journal_article,Engineering Fracture Mechanics,Elsevier BV,True,False,False
Vo2016,True,0 (aged),,,,,128.0,164.0,31.0,653.0,Mpa,text,True,660.0,0.16666666666666666,,,,,,,air 8C/min,300.0,4.0,425.0,8.0,,,,True,,,,,,,,,0.15,,,,,,,,,,,,,,,,0.14,,,,,composites,,10.1007/s11837-016-1896-z,655,5000,,,journal_article,JOM,Springer Science and Business Media LLC,True,False,False
LeeCha2017,True,Rolled sheet(T4),,T4,,,96.9,242.9,20.9,,,,True,580.0,1,,,,,,,water,25.0,,,,,,,True,0.02,0.714,2.27,5.77,0.04,,0.115,0.02,,,,,,,,,,,,,,,,,,,,,,,,10.1016/j.msea.2016.12.107,686,5000,,,journal_article,Materials Science and Engineering: A,Elsevier BV,True,False,False
LeeCha2017,True,Rolled sheet(T6),,T6,,,179.6,248.6,11.5,,,,True,580.0,1,,,,,,,water,250.0,1.0,,,,,,True,0.02,0.714,2.27,5.77,0.04,,0.115,0.02,,,,,,,,,,,,,,,,,,,,,,,,10.1016/j.msea.2016.12.107,687,5000,,,journal_article,Materials Science and Engineering: A,Elsevier BV,True,False,False
Peng2016,True,Al-Mg-Mn,,,,,304.0,411.0,12.6,,,,True,440.0,8,,,,,,,,270.0,1.0,,,,,"homogenized at ""soln temp"" inter-annealed at 410C for 4hr, hot rolled, annealed at 420C for 1hr, cold rolled, annealed at tempering temperature",True,,0.47,0.4,5.98,,,0.35,,,,,,,,,,,,,,,,,,,,,,,"corrosion, some intermetallic char",,10.1016/j.msea.2016.04.029,738,5000,,,journal_article,Materials Science and Engineering: A,Elsevier BV,True,False,False
Peng2016,True,Al-Mg-Mn,,,,,196.0,360.0,20.2,,,,True,440.0,8,,,,,,,,300.0,1.0,,,,,"homogenized at ""soln temp"" inter-annealed at 410C for 4hr, hot rolled, annealed at 420C for 1hr, cold rolled, annealed at tempering temperature",True,,0.47,0.4,5.98,,,0.35,,,,,,,,,,,,,,,,,,,,,,,"corrosion, some intermetallic char",,10.1016/j.msea.2016.04.029,739,5000,,,journal_article,Materials Science and Engineering: A,Elsevier BV,True,False,False
Peng2016,True,Al-Mg-Mn,,,,,186.0,356.0,21.8,,,,True,440.0,8,,,,,,,,330.0,1.0,,,,,"homogenized at ""soln temp"" inter-annealed at 410C for 4hr, hot rolled, annealed at 420C for 1hr, cold rolled, annealed at tempering temperature",True,,0.47,0.4,5.98,,,0.35,,,,,,,,,,,,,,,,,,,,,,,"corrosion, some intermetallic char",,10.1016/j.msea.2016.04.029,740,5000,,,journal_article,Materials Science and Engineering: A,Elsevier BV,True,False,False
Peng2016,True,Al-Mg-Mn-Sc-Zr,,,,,380.0,460.0,7.8,,,,True,300.0,8,,,,,,,,270.0,1.0,,,,,"homogenized at ""soln temp"" inter-annealed at 410C for 4hr, hot rolled, annealed at 420C for 1hr, cold rolled, annealed at tempering temperature",True,,0.45,0.06,6.01,,,0.02,,0.1,,,,,,,,,,,,,,,,0.25,,,,,"corrosion, some intermetallic char",,10.1016/j.msea.2016.04.029,741,5000,,,journal_article,Materials Science and Engineering: A,Elsevier BV,True,False,False
Peng2016,True,Al-Mg-Mn-Sc-Zr,,,,,376.0,455.0,8.3,,,,True,300.0,8,,,,,,,,300.0,1.0,,,,,"homogenized at ""soln temp"" inter-annealed at 410C for 4hr, hot rolled, annealed at 420C for 1hr, cold rolled, annealed at tempering temperature",True,,0.45,0.06,6.01,,,0.02,,0.1,,,,,,,,,,,,,,,,0.25,,,,,"corrosion, some intermetallic char",,10.1016/j.msea.2016.04.029,742,5000,,,journal_article,Materials Science and Engineering: A,Elsevier BV,True,False,False
Peng2016,True,Al-Mg-Mn-Sc-Zr,,,,,358.0,437.0,8.5,,,,True,300.0,8,,,,,,,,330.0,1.0,,,,,"homogenized at ""soln temp"" inter-annealed at 410C for 4hr, hot rolled, annealed at 420C for 1hr, cold rolled, annealed at tempering temperature",True,,0.45,0.06,6.01,,,0.02,,0.1,,,,,,,,,,,,,,,,0.25,,,,,"corrosion, some intermetallic char",,10.1016/j.msea.2016.04.029,743,5000,,,journal_article,Materials Science and Engineering: A,Elsevier BV,True,False,False
Peng2016,True,Al-Mg-Mn-Sc-Zr,,,,,366.0,459.0,8.7,,,,True,350.0,8,,,,,,,,270.0,1.0,,,,,"homogenized at ""soln temp"" inter-annealed at 410C for 4hr, hot rolled, annealed at 420C for 1hr, cold rolled, annealed at tempering temperature",True,,0.45,0.06,6.01,,,0.02,,0.1,,,,,,,,,,,,,,,,0.25,,,,,"corrosion, some intermetallic char",,10.1016/j.msea.2016.04.029,744,5000,,,journal_article,Materials Science and Engineering: A,Elsevier BV,True,False,False
Peng2016,True,Al-Mg-Mn-Sc-Zr,,,,,355.0,449.0,12.2,,,,True,350.0,8,,,,,,,,300.0,1.0,,,,,"homogenized at ""soln temp"" inter-annealed at 410C for 4hr, hot rolled, annealed at 420C for 1hr, cold rolled, annealed at tempering temperature",True,,0.45,0.06,6.01,,,0.02,,0.1,,,,,,,,,,,,,,,,0.25,,,,,"corrosion, some intermetallic char",,10.1016/j.msea.2016.04.029,745,5000,,,journal_article,Materials Science and Engineering: A,Elsevier BV,True,False,False
Peng2016,True,Al-Mg-Mn-Sc-Zr,,,,,350.0,444.0,14.0,,,,True,350.0,8,,,,,,,,330.0,1.0,,,,,"homogenized at ""soln temp"" inter-annealed at 410C for 4hr, hot rolled, annealed at 420C for 1hr, cold rolled, annealed at tempering temperature",True,,0.45,0.06,6.01,,,0.02,,0.1,,,,,,,,,,,,,,,,0.25,,,,,"corrosion, some intermetallic char",,10.1016/j.msea.2016.04.029,746,5000,,,journal_article,Materials Science and Engineering: A,Elsevier BV,True,False,False
Peng2016,True,Al-Mg-Mn-Sc-Zr,,,,,325.0,451.0,14.4,,,,True,440.0,8,,,,,,,,270.0,1.0,,,,,"homogenized at ""soln temp"" inter-annealed at 410C for 4hr, hot rolled, annealed at 420C for 1hr, cold rolled, annealed at tempering temperature",True,,0.45,0.06,6.01,,,0.02,,0.1,,,,,,,,,,,,,,,,0.25,,,,,"corrosion, some intermetallic char",,10.1016/j.msea.2016.04.029,747,5000,,,journal_article,Materials Science and Engineering: A,Elsevier BV,True,False,False
Peng2016,True,Al-Mg-Mn-Sc-Zr,,,,,316.0,440.0,17.0,,,,True,440.0,8,,,,,,,,300.0,1.0,,,,,"homogenized at ""soln temp"" inter-annealed at 410C for 4hr, hot rolled, annealed at 420C for 1hr, cold rolled, annealed at tempering temperature",True,,0.45,0.06,6.01,,,0.02,,0.1,,,,,,,,,,,,,,,,0.25,,,,,"corrosion, some intermetallic char",,10.1016/j.msea.2016.04.029,748,5000,,,journal_article,Materials Science and Engineering: A,Elsevier BV,True,False,False
Peng2016,True,Al-Mg-Mn-Sc-Zr,,,,,313.0,437.0,19.9,,,,True,440.0,8,,,,,,,,330.0,1.0,,,,,"homogenized at ""soln temp"" inter-annealed at 410C for 4hr, hot rolled, annealed at 420C for 1hr, cold rolled, annealed at tempering temperature",True,,0.45,0.06,6.01,,,0.02,,0.1,,,,,,,,,,,,,,,,0.25,,,,,"corrosion, some intermetallic char",,10.1016/j.msea.2016.04.029,749,5000,,,journal_article,Materials Science and Engineering: A,Elsevier BV,True,False,False
Huang2017,True,Bal.,,T4,,,,239.6,21.5,74.0,HV,table,False,,,,,,,,,,,,,,,,,True,0.15,0.15,0.4,0.8,0.25,,0.7,,,,,,,0.15,,,,,,,,,,,,,,,,FSW,,10.1016/j.jmatprotec.2017.07.031,775,6061,,,journal_article,Journal of Materials Processing Technology,Elsevier BV,True,False,False
LeeCha2018,True,0,,T4,,,147.0,273.6,19.2,,,,True,580.0,1,,,,,,,water,25.0,168.0,,,,,,True,0.02,0.714,2.27,5.77,0.04,,0.115,0.02,,,,,,,,,,,,,,,,,,,,,,,,10.1016/j.matchar.2018.04.045,797,5000,,,journal_article,Materials Characterization,Elsevier BV,True,False,False
Mckenzie2010,True,,6016,O,,,89.0,170.0,23.6,,,,False,,,,,,,,,,,,,,,,,False,,,,,,,,,,,,,,,,,,,,,,,,,,,,,,,,10.1016/j.actamat.2010.01.037,826,6000,,,journal_article,Acta Materialia,Elsevier BV,True,False,False
Ishihara,True,6061-T6,6061,T6,,,287.0,315.0,16.4,,,,False,,,,,,,,,,,,,,,,,True,,,0.6,1.0,,,0.2,,,,,,0.1,0.2,,,,,,,,,,,,,,,,,,10.1007/s11661-012-1121-9,846,6000,,,journal_article,Metallurgical and Materials Transactions A,Springer Science and Business Media LLC,True,False,False
Shahri2012,True,6005A T6 actual,6005,T6,,,253.0,280.0,10.0,,,,False,,,,,,,,,,,,,,,,,True,0.07,0.15,0.61,0.54,,,0.21,0.02,,,,,,,,,,,,,,,,,,,,,,,,10.1016/j.jmatprotec.2012.02.008,847,6000,,,journal_article,Journal of Materials Processing Technology,Elsevier BV,True,False,False
Coelho2012,True,AA6181-T4,6181,T4,,,127.0,259.0,26.0,,,,False,,,,,,,,,,,,,,,,,True,0.06,0.09,0.85,0.74,0.012,0.01,0.25,0.023,,,,,,,,,,,,,,0.002,,,,,,,,,,10.1016/j.msea.2012.06.076,852,6000,,,journal_article,Materials Science and Engineering: A,Elsevier BV,True,False,False
Buha2007,True,T6,,T6,,,311.0,352.0,8.2,134.0,HV,table,True,,,,,,,,,,177.0,15.0,,,,,,True,0.25,0.13,0.59,0.99,,0.11,0.16,,,,,,,,,,,,,,,,,,,,,,,,TEM,10.1016/j.actamat.2007.01.006,853,6000,,,journal_article,Acta Materialia,Elsevier BV,True,False,False
Buha2007,True,T6I6,,T616,,,335.0,368.0,7.3,146.0,HV,table,True,,,,,,,,,,177.0,0.3333333333333333,65.0,336.0,177.0,15.0,,True,0.25,0.13,0.59,0.99,,0.11,0.16,,,,,,,,,,,,,,,,,,,,,,,,TEM,10.1016/j.actamat.2007.01.006,854,6000,,,journal_article,Acta Materialia,Elsevier BV,True,False,False
Sath2013,True,Al-6061-T6,6061,T6,,,277.29,324.37,16.4,,,,False,,,,,,,,,,,,,,,,,False,,,,,,,,,,,,,,,,,,,,,,,,,,,,,,,,10.1016/j.optlastec.2012.06.019,855,6000,,,journal_article,Optics & Laser Technology,Elsevier BV,True,False,False
Sam2010,True,6063 Al alloy,6063,,,,,215.0,,,,,False,,,,,,,,,,,,,,,,,False,,,,,,,,,,,,,,,,,,,,,,,,,,,,,,,,10.1007/s10853-010-4609-y,861,6000,,,journal_article,Journal of Materials Science,Springer Science and Business Media LLC,True,False,False
Mirnia2017,True,,6061,T6,,,349.2,381.1,6.95,,,,False,,,,,,,,,,,,,,,,,True,0.24,0.06,0.58,1.0,0.05,0.16,0.28,0.02,,,,,,,,,,,,,,,,,,,,,,,,10.1016/j.jmatprotec.2017.01.029,864,6000,,,journal_article,Journal of Materials Processing Technology,Elsevier BV,True,False,False
Moridi2013,True,Al 6082,6082,,,,260.0,340.0,11.0,,,,False,,,,,,,,,,,,,,,,,False,,,,,,,,,,,,,,,,,,,,,,,,,,,,,,,,10.1007/978-3-319-00765-6_8,877,6000,,,book_content,Conference Proceedings of the Society for Experimental Mechanics Series,Springer Science and Business Media LLC,True,False,False
Pantelis2017,True,BM,6082,T6,,,289.0,334.0,7.5,,,,False,,,,,,,,,,,,,,,,,True,0.04,0.7,1.07,1.15,0.04,0.024,0.28,0.015,,,,,,,,,0.013,,,,,0.005,,,,,,0.016,,,,10.1016/j.solmat.2017.06.063,880,6000,,,journal_article,Solar Energy Materials and Solar Cells,Elsevier BV,True,False,False
Grinspan2006,True,AA6063,6063,T6,,,150.0,185.0,7.0,83.0,HV,table,False,,,,,,,,,,,,,,,,,False,,,,,,,,,,,,,,,,,,,,,,,,,,,,,,,,10.1016/j.apsusc.2006.02.060,881,6000,,,journal_article,Applied Surface Science,Elsevier BV,True,False,False
Grinspan2006,True,AA6061,6061,T4,,,118.0,190.0,14.0,62.0,HV,table,False,,,,,,,,,,,,,,,,,False,,,,,,,,,,,,,,,,,,,,,,,,,,,,,,,,10.1016/j.apsusc.2006.02.060,882,6000,,,journal_article,Applied Surface Science,Elsevier BV,True,False,False
Rao2015,True,ST,6061,sol'n treated,,,50.0,172.0,29.0,52.0,HV,table,True,520.0,2,,,,,,,water,,,,,,,,True,0.2,0.04,0.67,1.01,0.06,0.05,0.28,,,,,,,,,,,,,,,,,,,,,,,,TEM,10.1016/j.msea.2015.06.036,883,6000,,,journal_article,Materials Science and Engineering: A,Elsevier BV,True,False,False
Rao2015,True,T6,6061,T6,,,220.0,330.0,16.0,98.0,HV,table,True,520.0,2,,,,,,,water,125.0,80.0,,,,,,True,0.2,0.04,0.67,1.01,0.06,0.05,0.28,,,,,,,,,,,,,,,,,,,,,,,,TEM,10.1016/j.msea.2015.06.036,884,6000,,,journal_article,Materials Science and Engineering: A,Elsevier BV,True,False,False
Jiang2003,True,6063UA,6063,,,,67.0,164.0,26.0,,,,True,530.0,5,,,,,,,water,160.0,1.0,,,,,,True,0.004,0.07,0.41,0.45,,0.007,0.17,,,,,,,,,,,,,,,,,,,,,,,,,10.1016/s0921-5093(02)00456-2,891,6000,,,journal_article,Materials Science and Engineering: A,Elsevier BV,True,False,False
Jiang2003,True,6063PA,6063,,,,220.0,259.0,15.0,,,,True,530.0,5,,,,,,,water,160.0,64.0,,,,,,True,0.004,0.07,0.41,0.45,,0.007,0.17,,,,,,,,,,,,,,,,,,,,,,,,,10.1016/s0921-5093(02)00456-2,892,6000,,,journal_article,Materials Science and Engineering: A,Elsevier BV,True,False,False
Jiang2003,True,6082UA,6082,,,,142.0,190.0,18.0,,,,True,530.0,5,,,,,,,water,160.0,1.0,,,,,,True,0.2,0.51,1.06,0.67,0.18,0.03,0.29,0.16,,,,,,,,,,,,,,,,,,,,,,,,10.1016/s0921-5093(02)00456-2,893,6000,,,journal_article,Materials Science and Engineering: A,Elsevier BV,True,False,False
Jiang2003,True,6082PA,6082,,,,256.0,300.0,14.0,,,,True,530.0,5,,,,,,,water,160.0,24.0,,,,,,True,0.2,0.51,1.06,0.67,0.18,0.03,0.29,0.16,,,,,,,,,,,,,,,,,,,,,,,,10.1016/s0921-5093(02)00456-2,894,6000,,,journal_article,Materials Science and Engineering: A,Elsevier BV,True,False,False
Ghfiri2000,True,6005A T6,6005,T6,,,260.0,285.0,12.0,,,,False,,,,,,,,,,,,,,,,,nominal,0.3,0.5,0.7,0.55,0.2,0.3,0.35,0.1,,,,,,,,,,,,,,,,,,,,,,,,10.1016/s0921-5093(00)00805-4,895,6000,,,journal_article,Materials Science and Engineering: A,Elsevier BV,True,False,False
Ghfiri2000,True,6082 T6,6082,T6,,,280.0,315.0,12.0,,,,False,,,,,,,,,,,,,,,,,nominal,0.1,0.7,1.0,0.8999999999999999,0.2,0.25,0.4,0.1,,,,,,,,,,,,,,,,,,,,,,,,10.1016/s0921-5093(00)00805-4,896,6000,,,journal_article,Materials Science and Engineering: A,Elsevier BV,True,False,False
Barnwal2017,True,RD,6061,T6,,,265.0,308.0,14.45,,,,False,,,,,,,,,,,,,,,,,True,0.17,0.11,0.53,1.06,0.084,0.1,0.31,0.032,,,,,,,,,,,,,,,,,,,,,,,,10.1016/j.msea.2016.10.027,897,6000,,,journal_article,Materials Science and Engineering: A,Elsevier BV,True,False,False
Barnwal2017,True,ID,6061,T6,,,255.0,293.0,12.36,,,,False,,,,,,,,,,,,,,,,,True,0.17,0.11,0.53,1.06,0.084,0.1,0.31,0.032,,,,,,,,,,,,,,,,,,,,,,,,10.1016/j.msea.2016.10.027,898,6000,,,journal_article,Materials Science and Engineering: A,Elsevier BV,True,False,False
Barnwal2017,True,TD,6061,T6,,,238.0,274.0,13.06,,,,False,,,,,,,,,,,,,,,,,True,0.17,0.11,0.53,1.06,0.084,0.1,0.31,0.032,,,,,,,,,,,,,,,,,,,,,,,,10.1016/j.msea.2016.10.027,899,6000,,,journal_article,Materials Science and Engineering: A,Elsevier BV,True,False,False
Hag2015,True,6061 aluminum,6061,O,,,80.0,165.0,18.0,,,,False,,,,,,,,,,,,,,,,,True,0.4,0.1,0.6,1.0,0.3,0.3,0.4,0.1,,,,,,,,,,,,,,,,,,,,,,,,10.1016/j.msea.2015.06.046,900,6000,,,journal_article,Materials Science and Engineering: A,Elsevier BV,True,False,False
Hag2015,True,5052 aluminum,5052,O,,,80.0,195.0,24.0,,,,False,,,,,,,,,,,,,,,,,True,0.1,0.1,0.25,2.2,0.1,0.17,0.4,,,,,,,,,,,,,,,,,,,,,,,,,10.1016/j.msea.2015.06.046,900,6000,,,journal_article,Materials Science and Engineering: A,Elsevier BV,True,False,False
Wang2015,True,A,,T4P,,,113.0,237.0,26.3,,,,True,555.0,0.03333333333333333,,,,,,,,80.0,12.0,25.0,336.0,,,0 degree,True,0.2,0.1,0.9,0.8,,,,,,,,,,,,,,,,,,,,,,,,,,texture,"SEM, TEM",10.1016/j.msea.2015.07.059,906,6000,,,journal_article,Materials Science and Engineering: A,Elsevier BV,True,False,False
Wang2015,True,A,,T4P,,,105.0,224.0,25.3,,,,True,555.0,0.03333333333333333,,,,,,,,80.0,12.0,25.0,336.0,,,45 degree,True,0.2,0.1,0.9,0.8,,,,,,,,,,,,,,,,,,,,,,,,,,texture,"SEM, TEM",10.1016/j.msea.2015.07.059,907,6000,,,journal_article,Materials Science and Engineering: A,Elsevier BV,True,False,False
Wang2015,True,A,,T4P,,,105.0,223.0,24.9,,,,True,555.0,0.03333333333333333,,,,,,,,80.0,12.0,25.0,336.0,,,90 degree,True,0.2,0.1,0.9,0.8,,,,,,,,,,,,,,,,,,,,,,,,,,texture,"SEM, TEM",10.1016/j.msea.2015.07.059,908,6000,,,journal_article,Materials Science and Engineering: A,Elsevier BV,True,False,False
Wang2015,True,B,,T4P,,,162.0,306.0,25.4,,,,True,555.0,0.03333333333333333,,,,,,,,80.0,12.0,25.0,336.0,,,0 degree,True,0.5,0.3,1.2,0.8,,,0.5,,,,,,,,,,,,,,,,,,,,,,,texture,"SEM, TEM",10.1016/j.msea.2015.07.059,909,6000,,,journal_article,Materials Science and Engineering: A,Elsevier BV,True,False,False
Wang2015,True,B,,T4P,,,154.0,293.0,28.1,,,,True,555.0,0.03333333333333333,,,,,,,,80.0,12.0,25.0,336.0,,,45 degree,True,0.5,0.3,1.2,0.8,,,0.5,,,,,,,,,,,,,,,,,,,,,,,texture,"SEM, TEM",10.1016/j.msea.2015.07.059,910,6000,,,journal_article,Materials Science and Engineering: A,Elsevier BV,True,False,False
Wang2015,True,B,,T4P,,,157.0,299.0,25.8,,,,True,555.0,0.03333333333333333,,,,,,,,80.0,12.0,25.0,336.0,,,90 degree,True,0.5,0.3,1.2,0.8,,,0.5,,,,,,,,,,,,,,,,,,,,,,,texture,"SEM, TEM",10.1016/j.msea.2015.07.059,911,6000,,,journal_article,Materials Science and Engineering: A,Elsevier BV,True,False,False
Song2013,True,A6061P-T6,6061,T6,,,289.0,318.0,11.2,,,,False,,,,,,,,,,,,,,,,,True,0.27,0.07,0.63,1.0,0.01,0.17,0.29,0.02,,,,,,,,,,,,,,,,,,,,,,,,10.1016/j.msea.2012.09.044,925,6000,,,journal_article,Materials Science and Engineering: A,Elsevier BV,True,False,False
Li2015,True,ST,6061,,,,85.0,218.0,48.0,,,,True,550.0,1,,,,,,,water,,,,,,,,True,0.2,0.13,0.72,1.0,,0.09,0.14,0.01,,,,,,,,,,,,,,,,,,,,,,texture,,10.1016/j.msea.2014.10.012,926,6000,,,journal_article,Materials Science and Engineering: A,Elsevier BV,True,False,False
Li2015,True,ST+PA,6061,,,,343.0,363.0,21.0,,,,True,550.0,1,,,,,,,water,180.0,6.0,,,,,,True,0.2,0.13,0.72,1.0,,0.09,0.14,0.01,,,,,,,,,,,,,,,,,,,,,,texture,,10.1016/j.msea.2014.10.012,927,6000,,,journal_article,Materials Science and Engineering: A,Elsevier BV,True,False,False
Li2015,True,RA+CR+ST,6061,,,,151.0,251.0,25.0,,,,True,420.0,2,,,,,,,air cool,,,,,,,75% reduction cold rolling before temper,True,0.2,0.13,0.72,1.0,,0.09,0.14,0.01,,,,,,,,,,,,,,,,,,,,,,texture,,10.1016/j.msea.2014.10.012,928,6000,,,journal_article,Materials Science and Engineering: A,Elsevier BV,True,False,False
Li2015,True,RA+CR+ST+PA,6061,,,,369.0,384.0,11.0,,,,True,420.0,2,,,,,,,air cool,180.0,6.0,,,,,75% reduction cold rolling before temper,True,0.2,0.13,0.72,1.0,,0.09,0.14,0.01,,,,,,,,,,,,,,,,,,,,,,texture,,10.1016/j.msea.2014.10.012,929,6000,,,journal_article,Materials Science and Engineering: A,Elsevier BV,True,False,False
Li2015,True,ST+CR+ST,6061,,,,175.0,280.0,32.0,,,,True,550.0,1,,,,,,,water,,,,,,,75% reduction cold rolling before temper,True,0.2,0.13,0.72,1.0,,0.09,0.14,0.01,,,,,,,,,,,,,,,,,,,,,,texture,,10.1016/j.msea.2014.10.012,930,6000,,,journal_article,Materials Science and Engineering: A,Elsevier BV,True,False,False
Li2015,True,ST+CR+ST+PA,6061,,,,439.0,454.0,13.0,,,,True,550.0,1,,,,,,,water,180.0,6.0,,,,,75% reduction cold rolling before temper,True,0.2,0.13,0.72,1.0,,0.09,0.14,0.01,,,,,,,,,,,,,,,,,,,,,,texture,,10.1016/j.msea.2014.10.012,931,6000,,,journal_article,Materials Science and Engineering: A,Elsevier BV,True,False,False
,True,,6061,T6,,,289.9,328.0,13.5,,,,False,,,,,,,,,,,,,,,,,True,0.28,0.06,0.62,0.9,0.02,0.17,0.33,0.02,,,,,,,,,,,,,,,,,,,,,,,,10.1016/j.msea.2012.01.125,932,6000,,,journal_article,Materials Science and Engineering: A,Elsevier BV,True,False,False
Jiang2015,True,AA 6111-T4,6111,T4,,,151.27,290.79,23.45,,,,True,,,,,,,,,,25.0,360.0,,,,,,nominal,0.7,0.3,0.9,0.75,,,,,,,,,,,,,,,,,,,,,,,,,,,,10.1016/j.jmatprotec.2014.08.016,938,6000,,,journal_article,Journal of Materials Processing Technology,Elsevier BV,True,False,False
Ahmed2018,True,AA6061-T6,6061,T6,,,276.0,312.0,18.0,106.0,HV,table,False,,,,,,,,,,,,,,,,,True,0.22,0.02,0.58,1.0,0.05,0.16,0.42,0.02,,,,,,,,,,,,,,,,,,,,,,,,10.1016/j.jmatprotec.2017.09.034,939,6000,,,journal_article,Journal of Materials Processing Technology,Elsevier BV,True,False,False
,True,6061-T4,6061,T4,,,,300.0,9.0,,,,False,,,,,,,,,,,,,,,,,False,,,,,,,,,,,,,,,,,,,,,,,,,,,,,,,,10.1016/j.jmatprotec.2017.11.031,940,6000,,,journal_article,Journal of Materials Processing Technology,Elsevier BV,True,False,False
Elang2008,True,Base metal (6061-T6),6061,T6,,,235.0,283.0,26.4,105.0,HV,table,False,,,,,,,,,,,,,,,,,True,0.22,0.12,0.58,1.1,,,0.35,,,,,,,,,,,,,,,,,,,,,,,,TEM,10.1016/j.matchar.2007.09.006,945,6000,,,journal_article,Materials Characterization,Elsevier BV,True,False,False
Prak2012,True,AA6063-T6,6063,T6,,,150.0,185.0,7.0,585.0,MPa,table,False,,,,,,,,,,,,,,,,,nominal,0.1,0.3,0.5,0.65,0.2,0.1,0.35,0.2,,,,,,,,,,,,,,,,,,,,,,,,10.1016/j.wear.2012.07.026,950,6000,,,journal_article,Wear,Elsevier BV,True,False,False
Huang2013,True,289.9,6061,T6,,,289.9,328.0,13.5,,,,False,,,,,,,,,,,,,,,,,True,0.28,0.06,0.62,0.9,0.02,0.17,0.33,0.02,,,,,,,,,,,,,,,,,,,,,,,,10.1016/j.engfracmech.2013.01.011,965,6000,,,journal_article,Engineering Fracture Mechanics,Elsevier BV,True,False,False
Xiang2017,True,257,6061,T6,,,257.0,300.0,12.0,,,,False,,,,,,,,,,,,,,,,,True,0.19,0.03,0.62,1.01,0.01,0.09,0.11,0.01,,,,,,,,,,,,,,,,,,,,,,,,10.1016/j.engfracmech.2017.11.006,966,6000,,,journal_article,Engineering Fracture Mechanics,Elsevier BV,True,False,False
LiuLei2016,True,Al-8.11Zn-2.01Mg-2.36Cu-0.12Zr (as-cast + hot extrusion + T6),,T6,,,,622.0,9.1,,,,True,470.0,1,,,,,,,water,140.0,8.0,,,,,,True,2.36,,0.06,2.01,8.11,,0.07,,0.12,,,,,,,,,,,,,,,,,,,,,,,10.1016/j.matdes.2016.02.011,986,7000,,,journal_article,Materials & Design,Elsevier BV,True,False,False
Dey2010,True,T6,7075,T6,,,427.0,561.0,13.6,,,,True,480.0,1,,,,,,,,120.0,24.0,,,,,,True,1.88,0.15,0.11,2.57,5.96,0.23,0.3,0.03,,,,,,,,,,,,,,,,,,,,,,"fatigue, corrosion",,10.1007/s11661-010-0395-z,990,7000,,,journal_article,Metallurgical and Materials Transactions A,Springer Science and Business Media LLC,True,False,False
Dey2010,True,T73,7075,T73,,,390.0,536.0,16.6,,,,True,480.0,1,,,,,,,,107.0,6.0,163.0,24.0,,,,True,1.88,0.15,0.11,2.57,5.96,0.23,0.3,0.03,,,,,,,,,,,,,,,,,,,,,,"fatigue, corrosion",,10.1007/s11661-010-0395-z,991,7000,,,journal_article,Metallurgical and Materials Transactions A,Springer Science and Business Media LLC,True,False,False
Rout2014,True,Under aged (T4),7150,T4,,,389.0,487.0,17.85,,,,True,475.0,0.75,,,,,,,cold water,120.0,0.5,,,,,,True,2.3,,0.05,2.4,6.3,,0.1,,0.12,,,,,,,,,,,,,,,,,,,,,"SSRT, SCC",,10.1016/j.msea.2014.02.036,992,7000,,,journal_article,Materials Science and Engineering: A,Elsevier BV,True,False,False
Rout2014,True,Peak aged (T6),7150,T6,,,555.0,589.0,13.77,,,,True,475.0,0.75,,,,,,,cold water,120.0,24.0,,,,,,True,2.3,,0.05,2.4,6.3,,0.1,,0.12,,,,,,,,,,,,,,,,,,,,,"SSRT, SCC",,10.1016/j.msea.2014.02.036,993,7000,,,journal_article,Materials Science and Engineering: A,Elsevier BV,True,False,False
Rout2014,True,Highly over aged,7150,T7,,,450.0,479.0,16.09,,,,True,475.0,0.75,,,,,,,cold water,120.0,24.0,150.0,30.0,,,,True,2.3,,0.05,2.4,6.3,,0.1,,0.12,,,,,,,,,,,,,,,,,,,,,"SSRT, SCC",,10.1016/j.msea.2014.02.036,994,7000,,,journal_article,Materials Science and Engineering: A,Elsevier BV,True,False,False
Xue2007,True,70.33,7075,T651,,,515.0,557.0,14.7,,,,False,,,,,,,,,,,,,,,,,True,1.66,,0.06,2.53,5.7,,0.26,,,,,,,,,,,,,,,,,,,,,,,fatigue,,10.1016/j.actamat.2006.11.009,995,7000,,,journal_article,Acta Materialia,Elsevier BV,True,False,False
Millett2004,True,UA,7017,T4,,,274.0,435.0,13.0,,,,True,475.0,,,,,,,,,120.0,2.0,,,,,,True,0.11,0.29,0.11,2.19,4.83,0.17,0.24,0.04,0.14,,,,,,,,,,,,,,,,,,,,,,,10.1016/j.scriptamat.2004.07.020,1009,7000,,,journal_article,Scripta Materialia,Elsevier BV,True,False,False
Millett2004,True,PA,7017,T6,,,402.0,469.0,5.0,,,,True,475.0,,,,,,,,,120.0,24.0,,,,,,True,0.11,0.29,0.11,2.19,4.83,0.17,0.24,0.04,0.14,,,,,,,,,,,,,,,,,,,,,,,10.1016/j.scriptamat.2004.07.020,1010,7000,,,journal_article,Scripta Materialia,Elsevier BV,True,False,False
Wang2015,True,Value,7050,T7451,,,455.0,510.0,,,,,False,,,,,,,,,,,,,,,,,True,2.0,0.08,0.09,2.0,5.7,0.03,0.12,0.05,0.11,,,,,,,,,,,,,,,,,,,,,,,10.1016/j.ijmecsci.2015.10.004,1011,7000,,,journal_article,International Journal of Mechanical Sciences,Elsevier BV,True,False,False
AlRubaie2008,True,0,7475,T7351,,L,405.76,482.6,12.11,,,,False,,,,,,,,,,,,,,,,,True,1.661,0.01,0.029,2.376,5.722,0.21,0.085,0.0266,,,,,,,,,,,,,,,,,,,,,,K1c,,10.1016/j.msea.2007.10.083,1012,7000,,,journal_article,Materials Science and Engineering: A,Elsevier BV,True,False,False
Kim2007,True,AA7075,7075,,,,251.0,402.0,11.6,,,,True,480.0,2,,,,,,,,120.0,24.0,,,,,,True,0.44,0.33,,2.4,6.3,0.001,,0.03,0.1,,,,,,,,,,,,,,,,,,,,,,,10.1016/j.jmatprotec.2006.11.047,1015,7000,,,journal_article,Journal of Materials Processing Technology,Elsevier BV,True,False,False
Kim2007,True,0.11 wt.% Sc,7075,,,,301.0,449.0,11.7,,,,True,480.0,2,,,,,,,,120.0,24.0,,,,,,True,0.42,0.29,,2.8,6.0,,,0.04,0.11,,,,,,,,,,,,,,,,0.11,,,,,,,10.1016/j.jmatprotec.2006.11.047,1016,7000,,,journal_article,Journal of Materials Processing Technology,Elsevier BV,True,False,False
Kim2007,True,0.30wt.% Sc,7075,,,,314.0,463.0,12.2,,,,True,480.0,2,,,,,,,,120.0,24.0,,,,,,True,0.46,0.3,,2.7,6.6,0.002,,0.03,0.08,,,,,,,,,,,,,,,,0.3,,,,,,,10.1016/j.jmatprotec.2006.11.047,1017,7000,,,journal_article,Journal of Materials Processing Technology,Elsevier BV,True,False,False
Chen2008,True,AlZnMgCu-0.16Zr,,T6,,,683.6,709.7,8.9,,,,True,450.0,1,470.0,1.0,480.0,2.0,,,RT water,130.0,24.0,,,,,,nominal,2.2,,,2.5,8.6,,,,0.16,,,,,,,,,,,,,,,,,,,,,,,10.1016/j.msea.2008.07.028,1018,7000,,,journal_article,Materials Science and Engineering: A,Elsevier BV,True,False,False
Chen2008,True,AlZnMgCu-0.16Zr-0.2Cr-0.3Yb,,T6,,,725.2,747.1,9.3,,,,True,450.0,1,470.0,1.0,480.0,2.0,,,RT water,130.0,24.0,,,,,,nominal,2.2,,,2.5,8.6,0.2,,,0.16,,,,,,,,,,,,,,,,,,,,0.3,,,10.1016/j.msea.2008.07.028,1019,7000,,,journal_article,Materials Science and Engineering: A,Elsevier BV,True,False,False
Huang2012,True,1,7055,,,,717.0,736.0,8.7,96.2,HRB,table,True,450.0,1,470.0,1.0,480.0,3.0,,,,130.0,24.0,,,,,,True,2.6,,,2.4,8.4,,,,0.2,,,,,,,,,,,,,,,,,,,,,,,10.1016/j.mseb.2012.04.008,1028,7000,,,journal_article,Materials Science and Engineering: B,Elsevier BV,True,False,False
Huang2012,True,2,7055,,,,738.0,755.0,10.0,96.4,HRB,table,True,450.0,1,470.0,1.0,480.0,3.0,465.0,0.5,,130.0,24.0,,,,,,True,2.6,,,2.4,8.4,,,,0.2,,,,,,,,,,,,,,,,,,,,,,,10.1016/j.mseb.2012.04.008,1029,7000,,,journal_article,Materials Science and Engineering: B,Elsevier BV,True,False,False
Huang2012,True,3,7055,,,,662.0,677.0,9.2,94.8,HRB,table,True,450.0,1,470.0,1.0,480.0,3.0,455.0,0.5,,130.0,24.0,,,,,,True,2.6,,,2.4,8.4,,,,0.2,,,,,,,,,,,,,,,,,,,,,,,10.1016/j.mseb.2012.04.008,1030,7000,,,journal_article,Materials Science and Engineering: B,Elsevier BV,True,False,False
Cam2007,True,Al7020 (BM),7020,T6,,,326.0,385.0,13.6,,,,False,,,,,,,,,,,,,,,,,True,0.12,0.29,0.12,1.25,4.32,0.13,0.29,0.028,0.14,,,,,,,,,,,,,0.004,,,,,,,,FSW,,10.1007/s10853-007-1604-z,1031,7000,,,journal_article,Journal of Materials Science,Springer Science and Business Media LLC,True,False,False
Mishra2014,True,7017,7017,,,,408.0,455.0,17.0,141.0,HV,table,True,,,,,,,,,,120.0,48.0,,,,,,True,,,0.15,2.3,4.6,0.25,0.17,,,,,,,,,,,,,,,,,,,,,,,,,10.1016/j.msea.2014.06.037,1032,7000,,,journal_article,Materials Science and Engineering: A,Elsevier BV,True,False,False
Mishra2014,True,7055,7055,,,,611.0,655.0,12.0,190.0,HV,table,True,,,,,,,,,,100.0,8.0,120.0,24.0,,,,True,2.0,,,1.85,8.0,,,,0.14,,,,,,,,,,,,,,,,,,,,,,,10.1016/j.msea.2014.06.037,1033,7000,,,journal_article,Materials Science and Engineering: A,Elsevier BV,True,False,False
Oliveria2004,True,AA7150-T77511,7150,T77511,,,582.0,624.0,11.0,,,,False,,,,,,,,,,,,,,,,,False,,,,,,,,,,,,,,,,,,,,,,,,,,,,,,,,10.1016/j.msea.2004.02.052,1035,7000,,,journal_article,Materials Science and Engineering: A,Elsevier BV,True,False,False
Oliveria2004,True,AA7150 - T6,7150,T6,,,594.0,660.0,14.0,91.25,HRB,plot,True,475.0,0.6666666666666666,,,,,,,water,120.0,24.0,,,,,,False,,,,,,,,,,,,,,,,,,,,,,,,,,,,,,,,10.1016/j.msea.2004.02.052,1037,7000,,,journal_article,Materials Science and Engineering: A,Elsevier BV,True,False,False
Oliveria2004,True,AA7150-RRA20 + T6,7150,RRA20+T6,,,656.0,665.0,7.0,89.1,HRB,plot,True,475.0,0.6666666666666666,,,,,,,water,120.0,24.0,200.0,20.0,120.0,24.0,,False,,,,,,,,,,,,,,,,,,,,,,,,,,,,,,,,10.1016/j.msea.2004.02.052,1038,7000,,,journal_article,Materials Science and Engineering: A,Elsevier BV,True,False,False
Oliveria2004,True,AA7150-RRA40 + T6,7150,RRA40+T6,,,651.0,660.0,5.0,89.4,HRB,plot,True,475.0,0.6666666666666666,,,,,,,water,120.0,24.0,200.0,40.0,120.0,24.0,,False,,,,,,,,,,,,,,,,,,,,,,,,,,,,,,,,10.1016/j.msea.2004.02.052,1039,7000,,,journal_article,Materials Science and Engineering: A,Elsevier BV,True,False,False
Oliveria2004,True,AA7050-T76511,7050,T76511,,,475.0,540.0,10.8,,,,False,,,,,,,,,,,,,,,,,False,,,,,,,,,,,,,,,,,,,,,,,,,,,,,,,,10.1016/j.msea.2004.02.052,1040,7000,,,journal_article,Materials Science and Engineering: A,Elsevier BV,True,False,False
Oliveria2004,True,AA7050 - T6,7050,T6,,,512.0,610.0,16.1,89.2,HRB,plot,True,475.0,0.6666666666666666,,,,,,,water,120.0,24.0,,,,,,False,,,,,,,,,,,,,,,,,,,,,,,,,,,,,,,,10.1016/j.msea.2004.02.052,1042,7000,,,journal_article,Materials Science and Engineering: A,Elsevier BV,True,False,False
Oliveria2004,True,AA7050-RRA20 + T6,7050,RRA20+T6,,,585.0,625.0,13.2,88.6,HRB,plot,True,475.0,0.6666666666666666,,,,,,,water,120.0,24.0,200.0,20.0,120.0,24.0,,False,,,,,,,,,,,,,,,,,,,,,,,,,,,,,,,,10.1016/j.msea.2004.02.052,1043,7000,,,journal_article,Materials Science and Engineering: A,Elsevier BV,True,False,False
Oliveria2004,True,AA7050-RRA40 + T6,7050,RRA40+T6,,,600.0,618.0,9.9,88.4,HRB,plot,True,475.0,0.6666666666666666,,,,,,,water,120.0,24.0,200.0,40.0,120.0,24.0,,False,,,,,,,,,,,,,,,,,,,,,,,,,,,,,,,,10.1016/j.msea.2004.02.052,1044,7000,,,journal_article,Materials Science and Engineering: A,Elsevier BV,True,False,False
Liu2016,True,AA7075-T6,7075,T6,,,503.0,572.0,11.0,,,,False,,,,,,,,,,,,,,,,,False,,,,,,,,,,,,,,,,,,,,,,,,,,,,,,rivet,,10.1016/j.jmatprotec.2016.05.022,1055,7000,,,journal_article,Journal of Materials Processing Technology,Elsevier BV,True,False,False
Song2004,True,6,7175,,,,463.0,529.0,,,,,True,480.0,1.1666666666666667,,,,,,,RT water,140.0,6.0,,,,,,True,1.49,0.1,0.11,2.54,5.41,0.22,0.16,0.1,,,,,,,,,,,,,,,,,,,,,,"SSRT, hydrogen",TEM,10.1016/j.actamat.2004.06.023,1056,7000,,,journal_article,Acta Materialia,Elsevier BV,True,False,False
Song2004,True,16,7175,,,,488.0,554.0,,94.0572792362768,HRB,plot,True,480.0,1.1666666666666667,,,,,,,RT water,140.0,16.0,,,,,,True,1.49,0.1,0.11,2.54,5.41,0.22,0.16,0.1,,,,,,,,,,,,,,,,,,,,,,"SSRT, hydrogen",TEM,10.1016/j.actamat.2004.06.023,1057,7000,,,journal_article,Acta Materialia,Elsevier BV,True,False,False
Song2004,True,54,7175,,,,477.0,528.0,,84.5346062052506,HRB,plot,True,480.0,1.1666666666666667,,,,,,,RT water,140.0,54.0,,,,,,True,1.49,0.1,0.11,2.54,5.41,0.22,0.16,0.1,,,,,,,,,,,,,,,,,,,,,,"SSRT, hydrogen",TEM,10.1016/j.actamat.2004.06.023,1058,7000,,,journal_article,Acta Materialia,Elsevier BV,True,False,False
Song2004,True,98,7175,,,,491.0,557.0,,95.0596658711217,HRB,plot,True,480.0,1.1666666666666667,,,,,,,RT water,140.0,98.0,,,,,,True,1.49,0.1,0.11,2.54,5.41,0.22,0.16,0.1,,,,,,,,,,,,,,,,,,,,,,"SSRT, hydrogen",TEM,10.1016/j.actamat.2004.06.023,1059,7000,,,journal_article,Acta Materialia,Elsevier BV,True,False,False
Song2004,True,200,7175,,,,456.0,507.0,,,,,True,480.0,1.1666666666666667,,,,,,,RT water,140.0,200.0,,,,,,True,1.49,0.1,0.11,2.54,5.41,0.22,0.16,0.1,,,,,,,,,,,,,,,,,,,,,,"SSRT, hydrogen",TEM,10.1016/j.actamat.2004.06.023,1060,7000,,,journal_article,Acta Materialia,Elsevier BV,True,False,False
Reimann2017,True,184.9,7075,T651,,,529.3,576.1,14.79,184.9,HV,table,False,,,,,,,,,,,,,,,,,True,1.57,0.05,0.084,2.63,5.82,0.19,0.18,0.038,,,,,,,,,,,,,,,,,,,,,,FSW,,10.1016/j.matdes.2017.07.013,1080,7000,,,journal_article,Materials & Design,Elsevier BV,True,False,False
Sharma2015,True,T6,7039,T6,,,328.0,414.0,15.1,135.0,HV,table,True,480.0,1,,,,,,,RT water,165.0,6.0,,,,,,True,0.05,0.68,0.31,2.37,4.69,,0.69,,,,,,,,,,,,,,,,,,,,,,,FSW,,10.1016/j.msea.2014.09.094,1098,7000,,,journal_article,Materials Science and Engineering: A,Elsevier BV,True,False,False
Yang2009,True,T73 alloy,7075,T73,,,434.0,503.0,17.0,,,,True,470.0,3,,,,,,,water,115.0,8.0,175.0,8.0,,,,False,,,,,,,,,,,,,,,,,,,,,,,,,,,,,,shear,,10.1016/j.msea.2009.08.032,1101,7000,,,journal_article,Materials Science and Engineering: A,Elsevier BV,True,False,False
Liu2013,True,T6,7150,T6,,,,660.0,,,,,True,470.0,90,480.0,60.0,,,,,cold water,120.0,24.0,,,,,,True,2.1,,,2.25,6.56,,,,0.12,,,,,,,,,,,,,,,,,,,,,SAXS,,10.1016/j.msea.2013.09.005,1104,7000,,,journal_article,Materials Science and Engineering: A,Elsevier BV,True,False,False
Liu2013,True,T79,7150,T79,,,,655.0,,,,,True,470.0,90,480.0,60.0,,,,,cold water,120.0,8.0,157.0,11.0,,,,True,2.1,,,2.25,6.56,,,,0.12,,,,,,,,,,,,,,,,,,,,,SAXS,,10.1016/j.msea.2013.09.005,1105,7000,,,journal_article,Materials Science and Engineering: A,Elsevier BV,True,False,False
Liu2013,True,T76,7150,T76,,,,643.0,,,,,True,470.0,90,480.0,60.0,,,,,cold water,120.0,8.0,165.0,8.0,,,,True,2.1,,,2.25,6.56,,,,0.12,,,,,,,,,,,,,,,,,,,,,SAXS,,10.1016/j.msea.2013.09.005,1106,7000,,,journal_article,Materials Science and Engineering: A,Elsevier BV,True,False,False
Liu2013,True,T74,7150,T74,,,,591.0,,,,,True,470.0,90,480.0,60.0,,,,,cold water,120.0,8.0,165.0,18.0,,,,True,2.1,,,2.25,6.56,,,,0.12,,,,,,,,,,,,,,,,,,,,,SAXS,,10.1016/j.msea.2013.09.005,1107,7000,,,journal_article,Materials Science and Engineering: A,Elsevier BV,True,False,False
Liu2013,True,T73,7150,T73,,,,562.0,,,,,True,470.0,90,480.0,60.0,,,,,cold water,120.0,8.0,165.0,28.0,,,,True,2.1,,,2.25,6.56,,,,0.12,,,,,,,,,,,,,,,,,,,,,SAXS,,10.1016/j.msea.2013.09.005,1108,7000,,,journal_article,Materials Science and Engineering: A,Elsevier BV,True,False,False
Liu2013,True,RRA,7150,T73,,,,659.0,,,,,True,470.0,90,480.0,60.0,,,,,cold water,110.0,16.0,175.0,2.0,120.0,24.0,,True,2.1,,,2.25,6.56,,,,0.12,,,,,,,,,,,,,,,,,,,,,SAXS,,10.1016/j.msea.2013.09.005,1109,7000,,,journal_article,Materials Science and Engineering: A,Elsevier BV,True,False,False
Fang2014,True,AlZnMgCu-0.16Zr,,T6,,,683.6,704.0,8.9,96.3, HRB,table,True,470.0,1,470.0,1.0,480.0,2.0,,,RT water,130.0,24.0,,,,,,True,2.1,,,2.39,8.49,,,,0.16,,,,,,,,,,,,,,,,,,,,,SCC,,10.1016/j.msea.2014.05.021,1112,7000,,,journal_article,Materials Science and Engineering: A,Elsevier BV,True,False,False
Fang2014,True,AlZnMgCu-0.16Zr-0.3Er-0.18Cr,,T6,,,728.1,743.9,9.2,99.6, HRB,table,True,470.0,1,470.0,1.0,480.0,2.0,,,RT water,130.0,24.0,,,,,,True,2.16,,,2.38,8.53,0.17,,,0.16,,,,,,,0.28,,,,,,,,,,,,,,SCC,,10.1016/j.msea.2014.05.021,1113,7000,,,journal_article,Materials Science and Engineering: A,Elsevier BV,True,False,False
Ji2016,True,0.3,7N01,T4,,,,445.0,14.5,142.0,HV,table,False,,,,,,,,,,,,,,,,,nominal,0.2,0.44999999999999996,0.3,1.5,4.5,0.3,0.35,0.2,,,,,,,,,,,,,,,,,,,,,,,,10.1016/j.msea.2016.03.131,1114,7000,,,journal_article,Materials Science and Engineering: A,Elsevier BV,True,False,False
Balderach2003,True,Al-2Mg-5Zn,,,,,192.0,320.0,17.0,,,,True,450.0,0.5,,,,,,,water,25.0,168.0,175.0,0.5,25.0,840.0,,True,0.012,,0.071,2.02,5.27,,0.039,0.013,,,,,,,,,,,,,,,,,,,,,,,,10.1016/s0921-5093(02)00158-2,1128,7000,,,journal_article,Materials Science and Engineering: A,Elsevier BV,True,False,False
Balderach2003,True,Al-3Mg-5Zn,,,,,226.0,363.0,17.0,,,,True,450.0,0.5,,,,,,,water,25.0,168.0,175.0,0.5,25.0,840.0,,True,0.01,,0.064,3.0,5.25,,0.033,0.012,,,,,,,,,,,,,,,,,,,,,,,,10.1016/s0921-5093(02)00158-2,1129,7000,,,journal_article,Materials Science and Engineering: A,Elsevier BV,True,False,False
Balderach2003,True,Al-4Mg-5Zn,,,,,249.0,401.0,17.0,,,,True,450.0,0.5,,,,,,,water,25.0,168.0,175.0,0.5,25.0,840.0,,True,0.007,,0.051,4.02,5.21,,0.038,0.012,,,,,,,,,,,,,,,,,,,,,,,,10.1016/s0921-5093(02)00158-2,1130,7000,,,journal_article,Materials Science and Engineering: A,Elsevier BV,True,False,False
Balderach2003,True,Al-2Mg-5Zn,,,,,340.0,381.0,17.0,,,,True,450.0,0.5,,,,,,,water,25.0,168.0,175.0,8.3333,,,,True,0.012,,0.071,2.02,5.27,,0.039,0.013,,,,,,,,,,,,,,,,,,,,,,,,10.1016/s0921-5093(02)00158-2,1131,7000,,,journal_article,Materials Science and Engineering: A,Elsevier BV,True,False,False
Balderach2003,True,Al-2Mg-5Zn,,,,,342.0,382.0,12.0,,,,True,450.0,0.5,,,,,,,water,25.0,168.0,175.0,8.3333,,,,True,0.012,,0.071,2.02,5.27,,0.039,0.013,,,,,,,,,,,,,,,,,,,,,,,,10.1016/s0921-5093(02)00158-2,1132,7000,,,journal_article,Materials Science and Engineering: A,Elsevier BV,True,False,False
Balderach2003,True,Al-3Mg-5Zn,,,,,370.0,416.0,14.0,,,,True,450.0,0.5,,,,,,,water,25.0,168.0,175.0,8.3333,,,,True,0.01,,0.064,3.0,5.25,,0.033,0.012,,,,,,,,,,,,,,,,,,,,,,,,10.1016/s0921-5093(02)00158-2,1133,7000,,,journal_article,Materials Science and Engineering: A,Elsevier BV,True,False,False
Balderach2003,True,Al-3Mg-5Zn,,,,,400.0,438.0,8.0,,,,True,450.0,0.5,,,,,,,water,25.0,168.0,175.0,8.3333,,,,True,0.01,,0.064,3.0,5.25,,0.033,0.012,,,,,,,,,,,,,,,,,,,,,,,,10.1016/s0921-5093(02)00158-2,1134,7000,,,journal_article,Materials Science and Engineering: A,Elsevier BV,True,False,False
Balderach2003,True,Al-4Mg-5Zn,,,,,397.0,449.0,15.0,,,,True,450.0,0.5,,,,,,,water,25.0,168.0,175.0,8.3333,,,,True,0.007,,0.051,4.02,5.21,,0.038,0.012,,,,,,,,,,,,,,,,,,,,,,,,10.1016/s0921-5093(02)00158-2,1135,7000,,,journal_article,Materials Science and Engineering: A,Elsevier BV,True,False,False
Balderach2003,True,Al-4Mg-5Zn,,,,,412.0,462.0,10.0,,,,True,450.0,0.5,,,,,,,water,25.0,168.0,175.0,8.3333,,,,True,0.007,,0.051,4.02,5.21,,0.038,0.012,,,,,,,,,,,,,,,,,,,,,,,,10.1016/s0921-5093(02)00158-2,1136,7000,,,journal_article,Materials Science and Engineering: A,Elsevier BV,True,False,False
Wang2014,True,Bal.,7B04,T74,2mm,,,486.0,11.0,,,,False,,,,,,,,,,,,,,,,,True,1.68,0.26,,2.51,5.75,0.15,0.2,,,,,,,,,,,,,,,,,,,,,,,,,10.1007/s11665-014-0936-5,1142,7000,,,journal_article,Journal of Materials Engineering and Performance,Springer Science and Business Media LLC,True,False,False
Teng2018,True,120degC/24h 7055,7055,,,,577.0,654.0,13.0,188.955127529706,HV,plot,True,470.0,2,,,,,,,water,120.0,24.0,,,,,,True,2.24,,,1.95,7.82,,,,0.16,,,,,,,,,,,,,,,,,,0.0,,,,OM/TEM,10.1016/j.msea.2017.12.067,1143,7000,,,journal_article,Materials Science and Engineering: A,Elsevier BV,True,False,False
Teng2018,True,120degC/24h 7055-0.25Sc,7055,,,,600.0,679.0,14.0,200.537113244479,HV,plot,True,470.0,2,,,,,,,water,120.0,24.0,,,,,,True,2.24,,,1.93,7.81,,,,0.16,,,,,,,,,,,,,,,,,,0.25,,,,OM/TEM,10.1016/j.msea.2017.12.067,1144,7000,,,journal_article,Materials Science and Engineering: A,Elsevier BV,True,False,False
Teng2018,True,150degC/8h 7055,7055,,,,589.0,627.0,8.0,177.007537364044,HV,plot,True,470.0,2,,,,,,,water,150.0,8.0,,,,,,True,2.24,,,1.95,7.82,,,,0.16,,,,,,,,,,,,,,,,,,0.0,,,,OM/TEM,10.1016/j.msea.2017.12.067,1145,7000,,,journal_article,Materials Science and Engineering: A,Elsevier BV,True,False,False
Teng2018,True,150degC/8h 7055-0.25Sc,7055,,,,611.0,648.0,12.0,187.631881610404,HV,plot,True,470.0,2,,,,,,,water,150.0,8.0,,,,,,True,2.24,,,1.93,7.81,,,,0.16,,,,,,,,,,,,,,,,,,0.25,,,,OM/TEM,10.1016/j.msea.2017.12.067,1146,7000,,,journal_article,Materials Science and Engineering: A,Elsevier BV,True,False,False
Teng2018,True,150degC/30h 7055,7055,,,,557.0,585.0,10.0,,,,True,470.0,2,,,,,,,water,150.0,30.0,,,,,,True,2.24,,,1.95,7.82,,,,0.16,,,,,,,,,,,,,,,,,,0.0,,,,OM/TEM,10.1016/j.msea.2017.12.067,1147,7000,,,journal_article,Materials Science and Engineering: A,Elsevier BV,True,False,False
Teng2018,True,150degC/30h 7055-0.25Sc,7055,,,,602.0,628.0,12.0,,,,True,470.0,2,,,,,,,water,150.0,30.0,,,,,,True,2.24,,,1.93,7.81,,,,0.16,,,,,,,,,,,,,,,,,,0.25,,,,OM/TEM,10.1016/j.msea.2017.12.067,1148,7000,,,journal_article,Materials Science and Engineering: A,Elsevier BV,True,False,False
Wen2018,True,T6,,T6,,,658.0,704.0,13.5,213.8,HV,table,True,470.0,1.5,,,,,,,cold water,120.0,24.0,,,,,,True,1.76,,0.033,2.0,9.32,,0.052,,0.15,,,,,,,,,,,,,,,,,,,,,fatigue,TEM,10.1016/j.msea.2018.01.040,1149,7000,,,journal_article,Materials Science and Engineering: A,Elsevier BV,True,False,False
Wen2018,True,T79,,T79,,,671.0,683.0,10.3,215.8,HV,table,True,470.0,1.5,,,,,,,cold water,110.0,8.0,160.0,3.0,,,,True,1.76,,0.033,2.0,9.32,,0.052,,0.15,,,,,,,,,,,,,,,,,,,,,fatigue,TEM,10.1016/j.msea.2018.01.040,1150,7000,,,journal_article,Materials Science and Engineering: A,Elsevier BV,True,False,False
Wen2018,True,T74,,T74,,,590.0,614.0,13.7,207.6,HV,table,True,470.0,1.5,,,,,,,cold water,110.0,8.0,160.0,10.0,,,,True,1.76,,0.033,2.0,9.32,,0.052,,0.15,,,,,,,,,,,,,,,,,,,,,fatigue,TEM,10.1016/j.msea.2018.01.040,1151,7000,,,journal_article,Materials Science and Engineering: A,Elsevier BV,True,False,False
Wen2018,True,T73,,T73,,,546.0,581.0,14.1,193.6,HV,table,True,470.0,1.5,,,,,,,cold water,110.0,8.0,160.0,16.0,,,,True,1.76,,0.033,2.0,9.32,,0.052,,0.15,,,,,,,,,,,,,,,,,,,,,fatigue,TEM,10.1016/j.msea.2018.01.040,1152,7000,,,journal_article,Materials Science and Engineering: A,Elsevier BV,True,False,False
DengYin2012,True,Al-Zn-Mg,,W,,,183.0,328.0,25.2,,,,True,470.0,1,,,,,,,water,,,,,,,prerolling HT of 350C 8h for Al3Zr formation,True,0.34,0.33,0.08,1.91,5.39,,0.16,,,,,,,,,,,,,,,,,,,,,,,,TEM,10.1016/j.jallcom.2012.03.108,1156,7000,,,journal_article,Journal of Alloys and Compounds,Elsevier BV,True,False,False
DengYin2012,True,Al-Zn-Mg,,T6,,,439.0,498.0,16.5,,,,True,470.0,1,,,,,,,water,120.0,24.0,,,,,prerolling HT of 350C 8h for Al3Zr formation,True,0.34,0.33,0.08,1.91,5.39,,0.16,,,,,,,,,,,,,,,,,,,,,,,,TEM,10.1016/j.jallcom.2012.03.108,1157,7000,,,journal_article,Journal of Alloys and Compounds,Elsevier BV,True,False,False
DengYin2012,True,Al-Zn-Mg-0.1Sc-0.1Zr,,W,,,252.0,378.0,23.6,,,,True,470.0,1,,,,,,,water,,,,,,,prerolling HT of 350C 8h for Al3Zr formation,True,0.25,0.32,0.09,1.9,5.36,,0.19,,0.1,,,,,,,,,,,,,,,,0.1,,,,,,TEM,10.1016/j.jallcom.2012.03.108,1158,7000,,,journal_article,Journal of Alloys and Compounds,Elsevier BV,True,False,False
DengYin2012,True,Al-Zn-Mg-0.1Sc-0.1Zr,,T6,,,505.0,529.0,14.1,,,,True,470.0,1,,,,,,,water,120.0,24.0,,,,,prerolling HT of 350C 8h for Al3Zr formation,True,0.25,0.32,0.09,1.9,5.36,,0.19,,0.1,,,,,,,,,,,,,,,,0.1,,,,,,TEM,10.1016/j.jallcom.2012.03.108,1159,7000,,,journal_article,Journal of Alloys and Compounds,Elsevier BV,True,False,False
DengYin2012,True,Al-Zn-Mg-0.25Sc-0.1Zr,,W,,,275.0,397.0,23.3,,,,True,470.0,1,,,,,,,water,,,,,,,prerolling HT of 350C 8h for Al3Zr formation,True,0.33,0.32,0.11,1.98,5.41,,0.18,,0.1,,,,,,,,,,,,,,,,0.25,,,,,,TEM,10.1016/j.jallcom.2012.03.108,1160,7000,,,journal_article,Journal of Alloys and Compounds,Elsevier BV,True,False,False
DengYin2012,True,Al-Zn-Mg-0.25Sc-0.1Zr,,T6,,,535.0,556.0,12.1,,,,True,470.0,1,,,,,,,water,120.0,24.0,,,,,prerolling HT of 350C 8h for Al3Zr formation,True,0.33,0.32,0.11,1.98,5.41,,0.18,,0.1,,,,,,,,,,,,,,,,0.25,,,,,,TEM,10.1016/j.jallcom.2012.03.108,1161,7000,,,journal_article,Journal of Alloys and Compounds,Elsevier BV,True,False,False
Esmaeili2018,True,Initial material (T6),7075,T6,,,498.0,542.0,11.39,174.0,HV,table,False,,,,,,,,,,,,,,,,,True,1.5,0.04,0.07,2.65,5.7,0.21,0.09,0.02,,,,,,,,,,,,,,,,,,,,,,ECAE,,10.1016/j.jallcom.2018.05.085,1178,7000,,,journal_article,Journal of Alloys and Compounds,Elsevier BV,True,False,False
Caval2005,True,7075 T6,7075,T6,,,524.0,587.0,11.0,,,,False,,,,,,,,,,,,,,,,,False,,,,,,,,,,,,,,,,,,,,,,,,,,,,,,FSP,,10.1016/j.matchar.2005.04.007,1180,7000,,,journal_article,Materials Characterization,Elsevier BV,True,False,False
Fan2007,True,7150-T6(L),7150,T6,50mm,LT,602.0,643.0,15.5,,,,True,,,,,,,,,,120.0,6.0,155.0,12.0,,,,True,2.32,,0.05,2.4,6.32,,0.1,,0.12,,,,,,,,,,,,,,,,,,,,,corrosion,,10.1016/j.matchar.2006.03.003,1182,7000,,,journal_article,Materials Characterization,Elsevier BV,True,False,False
Lin2018,True,Base alloy,7055,,,,584.0,630.0,12.9,205.0,HV,text,True,470.0,0.5,,,,,,,RT water,120.0,24.0,160.0,6.0,,,,True,2.21,,,1.98,7.68,,,,0.12,,,,,,,,,,,,,,,,,,,,,FSW,,10.1016/j.matchar.2018.04.029,1183,7000,,,journal_article,Materials Characterization,Elsevier BV,True,False,False
Xue2007,True,AA 7075-T651,7075,T651,,,515.0,557.0,11.27,,,,False,,,,,,,,,,,,,,,,,True,1.66,,,2.53,5.7,,0.26,,,,,,,,,,,,,,,,,,,,,,,,,10.1016/j.engfracmech.2006.12.031,1205,7000,,,journal_article,Engineering Fracture Mechanics,Elsevier BV,True,False,False
Xue2007,True,AA 7475-T651,7475,T651,,,496.6,535.0,14.11,,,,False,,,,,,,,,,,,,,,,,True,1.66,,,2.53,5.7,,0.06,,,,,,,,,,,,,,,,,,,,,,,,,10.1016/j.engfracmech.2006.12.031,1206,7000,,,journal_article,Engineering Fracture Mechanics,Elsevier BV,True,False,False
Kawashima2018,True,419,7075,T73,,,419.0,498.0,10.5,,,,False,,,,,,,,,,,,,,,,,True,1.7,2.5,0.09,2.5,5.6,0.19,0.28,0.03,0.01,,,,,,,,,,,,,,,,,,,0.01,,,,10.1016/j.jmatprotec.2018.06.022,1210,7000,,,journal_article,Journal of Materials Processing Technology,Elsevier BV,True,False,False
CepedaJimenez2009,True,7075-T6 (D),7075,T6,,,475.0,545.0,8.0,188.0,HV,table,False,,,,,,,,,,,,,,,,,True,0.74,0.01,0.05,2.89,3.05,0.13,0.04,0.04,,,,,,,,,,,,,,,,,,,,,,,,10.1007/s11661-009-0069-x,1212,7000,,,journal_article,Metallurgical and Materials Transactions A,Springer Science and Business Media LLC,True,False,False
De2009,True,7075-T6 Sheet,7075,T6,,,502.0,545.0,12.0,,,,True,,,,,,,,,,120.0,24.0,,,,,,False,,,,,,,,,,,,,,,,,,,,,,,,,,,,,,,,10.1016/j.scriptamat.2008.11.032,1214,7000,,,journal_article,Scripta Materialia,Elsevier BV,True,False,False
Ayari2009,True,7075 T65,7075,T65,,,505.0,570.0,10.0,,,,False,,,,,,,,,,,,,,,,,False,,,,,,,,,,,,,,,,,,,,,,,,,,,,,,,,10.1016/j.jmatprotec.2008.04.020,1219,7000,,,journal_article,Journal of Materials Processing Technology,Elsevier BV,True,False,False
Barcellona2006,True,AA7075-T6,7075,T6,,,,530.0,,190.0,HV,table,False,,,,,,,,,,,,,,,,,False,,,,,,,,,,,,,,,,,,,,,,,,,,,,,,FSW,,10.1016/j.jmatprotec.2006.03.192,1225,7000,,,journal_article,Journal of Materials Processing Technology,Elsevier BV,True,False,False
Aval2015,True,AA7075-T6,7075,T6,,,498.0,560.0,,,,,False,,,,,,,,,,,,,,,,,True,1.32,0.1,0.21,2.3,5.21,0.18,0.37,0.12,,,,,,,,,,,,,,,,,,,,,,,,10.1016/j.matdes.2015.08.050,1226,7000,,,journal_article,Materials & Design,Elsevier BV,True,False,False
Lee2012,True,427,7050,T7451,,,427.0,496.0,9.0,,,,False,,,,,,,,,,,,,,,,,nominal,2.3,0.1,0.12,2.25,6.2,,0.15,0.06,0.065,,,,,,,,,,,,,,,,,,,,,,,10.1007/s11661-011-1044-x,1227,7000,,,journal_article,Metallurgical and Materials Transactions A,Springer Science and Business Media LLC,True,False,False
Rod2015,True,AA7050-T7451,7050,T7451,,,469.0,524.0,11.0,,,,False,,,,,,,,,,,,,,,,,nominal,2.3,,,2.2,6.2,,,,,,,,,,,,,,,,,,,,,,,,,,,10.1016/j.matdes.2015.05.074,1228,7000,,,journal_article,Materials & Design,Elsevier BV,True,False,False
Rod2016,True,AA7050-T7451,7050,T7451,,,469.0,524.0,11.0,,,,False,,,,,,,,,,,,,,,,,nominal,2.3,,,2.2,6.2,,,,,,,,,,,,,,,,,,,,,,,,,,,10.1016/j.msea.2015.11.075,1236,7000,,"same authors as #1228, duplicate values",journal_article,Materials Science and Engineering: A,Elsevier BV,True,False,False
Kim2004,True,Al 7175-T74,7175,T74,,,499.0,554.0,10.2,,,,False,,,,,,,,,,,,,,,,,False,,,,,,,,,,,,,,,,,,,,,,,,,,,,,,,,10.1016/j.msea.2004.01.134,1237,7000,,,journal_article,Materials Science and Engineering: A,Elsevier BV,True,False,False
Ma2015,True,7050 Al alloy,7050,T6,,,660.0,711.0,12.2,,,,True,477.0,1.1666666666666667,,,,,,,water,120.0,24.0,,,,,,nominal,2.3,,,2.3,6.5,,,,0.13,,,,,,,,,,,,,,,,,,,,,,,10.1016/j.msea.2015.06.023,1240,7000,,,journal_article,Materials Science and Engineering: A,Elsevier BV,True,False,False
Ren2008,True,5.6,7075,T651,,,502.0,574.0,12.6,,,,False,,,,,,,,,,,,,,,,,nominal,1.6,,,2.5,5.6,0.23,,,,,,,,,,,,,,,,,,,,,,,,,,10.1016/j.msea.2007.06.047,1249,7000,,,journal_article,Materials Science and Engineering: A,Elsevier BV,True,False,False
Bala2008,True,AA7039,7039,T4,,,400.0,460.0,15.0,130.0,HV,table,False,,,,,,,,,,,,,,,,,True,0.1,0.2,0.1,2.5,4.3,0.15,0.2,,0.05,,,,,,,,,,,,,,,,,,,,,,,10.1016/j.msea.2007.07.048,1250,7000,,,journal_article,Materials Science and Engineering: A,Elsevier BV,True,False,False
Bala2008,True,AA7075,7075,T6,,,430.0,520.0,10.0,140.0,HV,table,False,,,,,,,,,,,,,,,,,True,1.6,0.3,0.4,2.5,5.6,0.23,0.5,,,,,,,,,,,,,,,,,,,,,,,,,10.1016/j.msea.2007.07.048,1251,7000,,,journal_article,Materials Science and Engineering: A,Elsevier BV,True,False,False
Cavaliere2008,True,7075 T6,7075,T6,,,503.0,572.0,11.0,,,,False,,,,,,,,,,,,,,,,,False,,,,,,,,,,,,,,,,,,,,,,,,,,,,,,,,10.1016/j.jmatprotec.2007.12.036,1254,7000,,,journal_article,Journal of Materials Processing Technology,Elsevier BV,True,False,False
Khan2017,True,AA7475-T761,7475,T761,,,430.0,468.0,13.0,,,,False,,,,,,,,,,,,,,,,,True,1.34,0.0062,0.06,1.93,5.36,0.155,0.101,0.023,0.0076,,,,,,,,,,,,,0.002,,,,,,,,,,10.1016/j.jallcom.2016.11.389,1264,7000,,,journal_article,Journal of Alloys and Compounds,Elsevier BV,True,False,False
Chakherlou2009,True,AL 7075-T6,7075,T6,,,503.0,600.0,,,,,False,,,,,,,,,,,,,,,,,False,,,,,,,,,,,,,,,,,,,,,,,,,,,,,,,,10.1016/j.engfailanal.2008.03.002,1269,7000,,,journal_article,Engineering Failure Analysis,Elsevier BV,True,False,False
Singh2004,True,0.22Sc,8090,T8,50mm,LT,397.0,460.0,5.4,141.996831525103,HV,plot,True,540.0,1.5,,,,,,,cold water,170.0,24.0,,,,,2-3% stretched,True,1.32,,0.02,0.74,,,0.072,0.02,0.1,,,,,,,,,,,,2.51,,,,0.22,,,,,,,10.1016/j.scriptamat.2003.12.001,1274,8000,,,journal_article,Scripta Materialia,Elsevier BV,True,False,False
Singh2004,True,0.11Sc,8090,T8,50mm,LT,399.0,482.0,7.7,134.435620499788,HV,plot,True,540.0,1.5,,,,,,,cold water,170.0,24.0,,,,,2-3% stretched,True,1.3,,0.02,0.74,,,0.072,0.02,0.13,,,,,,,,,,,,2.52,,,,0.11,,,,,,,10.1016/j.scriptamat.2003.12.001,1275,8000,,,journal_article,Scripta Materialia,Elsevier BV,True,False,False
Singh2004,True,0Sc,8090,T8,50mm,LT,381.0,454.0,9.2,129.366305020688,HV,plot,True,540.0,1.5,,,,,,,cold water,170.0,24.0,,,,,2-3% stretched,True,1.42,,0.03,0.76,,,0.073,0.02,0.12,,,,,,,,,,,,2.51,,,,0.0,,,,,,,10.1016/j.scriptamat.2003.12.001,1276,8000,,,journal_article,Scripta Materialia,Elsevier BV,True,False,False
