doi,doi + link,From?,article_type,journal,publisher,Si,Si_location,Ge,Ge_location,Al,Al_location,OH,OH_location,H2O,H2O_location,HF,HF_location,SDA,SDA_location,B,B_location,Time,Time_location,Temp,Temp_location,SDA Type,SDA Type_location,Extracted,Extracted_location
10.1016/j.micromeso.2017.03.033,10.1016/j.micromeso.2017.03.033,Table,journal_article,Microporous and Mesoporous Materials,Elsevier BV,1,Table Column,0.05,Table Caption,0.02,Table Column,0.125,Table Column,0,Not Present,0,Table Column,0.25,Page Text,0,Not Present,72,Table Column,179.85,Table Caption,hexamethonium,Page Text,Amorphous,Table Column
10.1016/j.micromeso.2017.03.033,10.1016/j.micromeso.2017.03.033,Table,journal_article,Microporous and Mesoporous Materials,Elsevier BV,1,Table Column,0.05,Table Caption,0.02,Table Column,0.125,Table Column,0,Not Present,0.16,Table Column,0.25,Page Text,0,Not Present,72,Table Column,179.85,Table Caption,hexamethonium,Page Text,ITQ-13+EU-1+amorphous,Table Column
10.1016/j.micromeso.2017.03.033,10.1016/j.micromeso.2017.03.033,Table,journal_article,Microporous and Mesoporous Materials,Elsevier BV,1,Table Column,0.05,Table Caption,0.02,Table Column,0.125,Table Column,0,Not Present,0.32,Table Column,0.25,Page Text,0,Not Present,72,Table Column,179.85,Table Caption,hexamethonium,Page Text,ITQ-13+EU-1,Table Column
10.1016/j.micromeso.2017.03.033,10.1016/j.micromeso.2017.03.033,Table,journal_article,Microporous and Mesoporous Materials,Elsevier BV,1,Table Column,0.05,Table Caption,0.02,Table Column,0.125,Table Column,0,Not Present,0.56,Table Column,0.25,Page Text,0,Not Present,72,Table Column,179.85,Table Caption,hexamethonium,Page Text,ITQ-13,Table Column
10.1016/j.micromeso.2017.03.033,10.1016/j.micromeso.2017.03.033,Table,journal_article,Microporous and Mesoporous Materials,Elsevier BV,1,Table Column,0.05,Table Caption,0.02,Table Column,0.125,Table Column,0,Not Present,1.28,Table Column,0.25,Page Text,0,Not Present,72,Table Column,179.85,Table Caption,hexamethonium,Page Text,ITQ-13,Table Column
10.1016/j.micromeso.2017.03.033,10.1016/j.micromeso.2017.03.033,Table,journal_article,Microporous and Mesoporous Materials,Elsevier BV,1,Table Column,0.05,Table Caption,0.02,Table Column,0.125,Table Column,0,Not Present,2.56,Table Column,0.25,Page Text,0,Not Present,72,Table Column,179.85,Table Caption,hexamethonium,Page Text,ITQ-13,Table Column
10.1016/j.micromeso.2017.03.033,10.1016/j.micromeso.2017.03.033,Table,journal_article,Microporous and Mesoporous Materials,Elsevier BV,1,Table Column,0.05,Table Caption,0.02,Table Column,0,Table Column,0,Not Present,0.56,Table Column,0,Page Text,0,Not Present,288,Table Column,179.85,Table Caption,hexamethonium,Page Text,Amorphous,Table Column
10.1016/j.micromeso.2017.03.033,10.1016/j.micromeso.2017.03.033,Table,journal_article,Microporous and Mesoporous Materials,Elsevier BV,1,Table Column,0.05,Table Caption,0.02,Table Column,0.025,Table Column,0,Not Present,0.56,Table Column,0.05,Page Text,0,Not Present,120,Table Column,179.85,Table Caption,hexamethonium,Page Text,ITQ-13 + amorphous,Table Column
10.1016/j.micromeso.2017.03.033,10.1016/j.micromeso.2017.03.033,Table,journal_article,Microporous and Mesoporous Materials,Elsevier BV,1,Table Column,0.05,Table Caption,0.02,Table Column,0.05,Table Column,0,Not Present,0.56,Table Column,0.1,Page Text,0,Not Present,120,Table Column,179.85,Table Caption,hexamethonium,Page Text,ITQ-13 + amorphous,Table Column
10.1016/j.micromeso.2017.03.033,10.1016/j.micromeso.2017.03.033,Table,journal_article,Microporous and Mesoporous Materials,Elsevier BV,1,Table Column,0.05,Table Caption,0.02,Table Column,0.1,Table Column,0,Not Present,0.56,Table Column,0.2,Page Text,0,Not Present,72,Table Column,179.85,Table Caption,hexamethonium,Page Text,ITQ-13 + amorphous,Table Column
10.1016/j.micromeso.2017.03.033,10.1016/j.micromeso.2017.03.033,Table,journal_article,Microporous and Mesoporous Materials,Elsevier BV,1,Table Column,0.05,Table Caption,0.02,Table Column,0.125,Table Column,0,Not Present,0.56,Table Column,0.25,Page Text,0,Not Present,72,Table Column,179.85,Table Caption,hexamethonium,Page Text,ITQ-13,Table Column
10.1016/j.micromeso.2017.03.033,10.1016/j.micromeso.2017.03.033,Table,journal_article,Microporous and Mesoporous Materials,Elsevier BV,1,Table Column,0.05,Table Caption,0.02,Table Column,0.15,Table Column,0,Not Present,0.56,Table Column,0.3,Page Text,0,Not Present,72,Table Column,179.85,Table Caption,hexamethonium,Page Text,ITQ-13,Table Column
10.1016/j.micromeso.2017.03.033,10.1016/j.micromeso.2017.03.033,Table,journal_article,Microporous and Mesoporous Materials,Elsevier BV,1,Table Column,0.05,Table Caption,0.077,Table Column,0.125,Table Column,0,Not Present,0.56,Table Column,0.25,Page Text,0,Not Present,336,Table Column,179.85,Table Caption,hexamethonium,Page Text,Amorphous,Table Column
10.1016/j.micromeso.2017.03.033,10.1016/j.micromeso.2017.03.033,Table,journal_article,Microporous and Mesoporous Materials,Elsevier BV,1,Table Column,0.05,Table Caption,0.067,Table Column,0.125,Table Column,0,Not Present,0.56,Table Column,0.25,Page Text,0,Not Present,336,Table Column,179.85,Table Caption,hexamethonium,Page Text,Amorphous,Table Column
10.1016/j.micromeso.2017.03.033,10.1016/j.micromeso.2017.03.033,Table,journal_article,Microporous and Mesoporous Materials,Elsevier BV,1,Table Column,0.05,Table Caption,0.04,Table Column,0.125,Table Column,0,Not Present,0.56,Table Column,0.25,Page Text,0,Not Present,96,Table Column,179.85,Table Caption,hexamethonium,Page Text,ITQ-13,Table Column
10.1016/j.micromeso.2017.03.033,10.1016/j.micromeso.2017.03.033,Table,journal_article,Microporous and Mesoporous Materials,Elsevier BV,1,Table Column,0.05,Table Caption,0.02,Table Column,0.125,Table Column,0,Not Present,0.56,Table Column,0.25,Page Text,0,Not Present,72,Table Column,179.85,Table Caption,hexamethonium,Page Text,ITQ-13,Table Column
10.1016/j.micromeso.2017.03.033,10.1016/j.micromeso.2017.03.033,Table,journal_article,Microporous and Mesoporous Materials,Elsevier BV,1,Table Column,0.05,Table Caption,0.01,Table Column,0.125,Table Column,0,Not Present,0.56,Table Column,0.25,Page Text,0,Not Present,72,Table Column,179.85,Table Caption,hexamethonium,Page Text,ITQ-13,Table Column
10.1016/j.micromeso.2017.03.033,10.1016/j.micromeso.2017.03.033,Table,journal_article,Microporous and Mesoporous Materials,Elsevier BV,1,Table Column,0.05,Table Caption,0.007,Table Column,0.125,Table Column,0,Not Present,0.56,Table Column,0.25,Page Text,0,Not Present,72,Table Column,179.85,Table Caption,hexamethonium,Page Text,ITQ-13,Table Column
10.1016/j.micromeso.2017.03.033,10.1016/j.micromeso.2017.03.033,Table,journal_article,Microporous and Mesoporous Materials,Elsevier BV,1,Table Column,0.05,Table Caption,0.005,Table Column,0.125,Table Column,0,Not Present,0.56,Table Column,0.25,Page Text,0,Not Present,72,Table Column,179.85,Table Caption,hexamethonium,Page Text,ITQ-13,Table Column
10.1016/j.micromeso.2017.03.033,10.1016/j.micromeso.2017.03.033,Table,journal_article,Microporous and Mesoporous Materials,Elsevier BV,1,Table Column,0.05,Table Caption,0.004,Table Column,0.125,Table Column,0,Not Present,0.56,Table Column,0.25,Page Text,0,Not Present,72,Table Column,179.85,Table Caption,hexamethonium,Page Text,ITQ-13,Table Column
10.1016/j.micromeso.2017.03.033,10.1016/j.micromeso.2017.03.033,Table,journal_article,Microporous and Mesoporous Materials,Elsevier BV,1,Table Column,0.05,Table Caption,1,Table Column,0.125,Table Column,0,Not Present,0.56,Table Column,0.25,Page Text,0,Not Present,72,Table Column,179.85,Table Caption,hexamethonium,Page Text,ITQ-13,Table Column
10.1016/j.jcat.2016.09.007,10.1016/j.jcat.2016.09.007,Table,journal_article,Journal of Catalysis,Elsevier BV,1,Table Column,0.1,Table Column,0.022,Table Column,0.138,Page Text,5.5,Page Text,0.55,Page Text,0.276,Page Text,0,Not Present,11,Page Text,142.5,Page Text,hexamethonium,Page Text,ITQ-13,Table Column
10.1016/j.jcat.2016.09.007,10.1016/j.jcat.2016.09.007,Table,journal_article,Journal of Catalysis,Elsevier BV,1,Table Column,0.067,Table Column,0.021,Table Column,0.133,Page Text,5.333,Page Text,0.533,Page Text,0.266,Page Text,0,Not Present,11,Page Text,142.5,Page Text,hexamethonium,Page Text,ITQ-13,Table Column
10.1016/j.jcat.2016.09.007,10.1016/j.jcat.2016.09.007,Table,journal_article,Journal of Catalysis,Elsevier BV,1,Table Column,0.05,Table Column,0.021,Table Column,0.131,Page Text,5.25,Page Text,0.525,Page Text,0.262,Page Text,0,Not Present,11,Page Text,142.5,Page Text,hexamethonium,Page Text,ITQ-13,Table Column
10.1016/j.jcat.2016.09.007,10.1016/j.jcat.2016.09.007,Table,journal_article,Journal of Catalysis,Elsevier BV,1,Table Column,0.033,Table Column,0.021,Table Column,0.129,Page Text,5.167,Page Text,0.517,Page Text,0.258,Page Text,0,Not Present,11,Page Text,142.5,Page Text,hexamethonium,Page Text,ITQ-13,Table Column
10.1016/j.jcat.2016.09.007,10.1016/j.jcat.2016.09.007,Table,journal_article,Journal of Catalysis,Elsevier BV,1,Table Column,0.025,Table Column,0.021,Table Column,0.128,Page Text,5.125,Page Text,0.513,Page Text,0.256,Page Text,0,Not Present,11,Page Text,142.5,Page Text,hexamethonium,Page Text,ITQ-13,Table Column
10.1016/j.jcat.2016.09.007,10.1016/j.jcat.2016.09.007,Table,journal_article,Journal of Catalysis,Elsevier BV,1,Table Column,0.02,Table Column,0.02,Table Column,0.128,Page Text,5.1,Page Text,0.51,Page Text,0.256,Page Text,0,Not Present,11,Page Text,142.5,Page Text,hexamethonium,Page Text,Amorphous,Table Column
10.1016/j.jcat.2016.09.007,10.1016/j.jcat.2016.09.007,Table,journal_article,Journal of Catalysis,Elsevier BV,1,Table Column,1,Table Column,0.04,Table Column,0.125,Page Text,5,Page Text,0.5,Page Text,0.25,Page Text,0,Not Present,11,Page Text,142.5,Page Text,hexamethonium,Page Text,EU-1,Table Column
10.1016/j.jcat.2016.09.007,10.1016/j.jcat.2016.09.007,Table,journal_article,Journal of Catalysis,Elsevier BV,1,Table Column,0.1,Table Column,0.036,Table Column,0.138,Page Text,5.5,Page Text,0.55,Page Text,0.276,Page Text,0,Not Present,11,Page Text,142.5,Page Text,hexamethonium,Page Text,ITQ-13,Table Column
10.1016/j.jcat.2016.09.007,10.1016/j.jcat.2016.09.007,Table,journal_article,Journal of Catalysis,Elsevier BV,1,Table Column,0.033,Table Column,0.034,Table Column,0.129,Page Text,5.167,Page Text,0.517,Page Text,0.258,Page Text,0,Not Present,11,Page Text,142.5,Page Text,hexamethonium,Page Text,Amorphous,Table Column
10.1016/j.jcat.2016.09.007,10.1016/j.jcat.2016.09.007,Table,journal_article,Journal of Catalysis,Elsevier BV,1,Table Column,0.033,Table Column,0.026,Table Column,0.129,Page Text,5.167,Page Text,0.517,Page Text,0.258,Page Text,0,Not Present,11,Page Text,142.5,Page Text,hexamethonium,Page Text,ITQ-13,Table Column
10.1016/j.jcat.2016.09.007,10.1016/j.jcat.2016.09.007,Table,journal_article,Journal of Catalysis,Elsevier BV,1,Table Column,0.033,Table Column,0.01,Table Column,0.129,Page Text,5.167,Page Text,0.517,Page Text,0.258,Page Text,0,Not Present,11,Page Text,142.5,Page Text,hexamethonium,Page Text,ITQ-13,Table Column
10.1016/j.jcat.2016.09.007,10.1016/j.jcat.2016.09.007,Table,journal_article,Journal of Catalysis,Elsevier BV,1,Table Column,0.033,Table Column,0.005,Table Column,0.129,Page Text,5.167,Page Text,0.517,Page Text,0.258,Page Text,0,Not Present,11,Page Text,142.5,Page Text,hexamethonium,Page Text,ITQ-13,Table Column
10.1016/j.jcat.2016.09.007,10.1016/j.jcat.2016.09.007,Table,journal_article,Journal of Catalysis,Elsevier BV,1,Table Column,0.033,Table Column,0.003,Table Column,0.129,Page Text,5.167,Page Text,0.517,Page Text,0.258,Page Text,0,Not Present,11,Page Text,142.5,Page Text,hexamethonium,Page Text,ITQ-13,Table Column
10.1016/j.jcat.2016.09.007,10.1016/j.jcat.2016.09.007,Table,journal_article,Journal of Catalysis,Elsevier BV,1,Table Column,0.033,Table Column,0.002,Table Column,0.129,Page Text,5.167,Page Text,0.517,Page Text,0.258,Page Text,0,Not Present,11,Page Text,142.5,Page Text,hexamethonium,Page Text,ITQ-13,Table Column
10.1002/chem.201602419,10.1002/chem.201602419,Table,journal_article,Chemistry – A European Journal,Wiley,1,Table Column,0.1,Table Column,0,Not Present,1.5,Page Text,0,Not Present,1.5,Page Text,1.5,Table Column,0,Not Present,360,Page Text,149.85,Page Text,1?Methyl?3?(2??methylbenzyl)imidazolium chloride,Page Text,NUD-2,Table Header
10.1002/chem.201602419,10.1002/chem.201602419,Table,journal_article,Chemistry – A European Journal,Wiley,1,Table Column,0.1,Table Column,0,Not Present,0.75,Page Text,0,Not Present,0.75,Page Text,0.75,Table Column,0,Not Present,360,Page Text,149.85,Page Text,1?Methyl?3?(2?methylbenzyl)imidazolium chloride,Page Text,NUD-2,Table Header
10.1002/chem.201602419,10.1002/chem.201602419,Table,journal_article,Chemistry – A European Journal,Wiley,1,Table Column,0.2,Table Column,0,Not Present,1,Page Text,0,Not Present,1,Page Text,1,Table Column,0,Not Present,360,Page Text,149.85,Page Text,1?Methyl?3?(2??methylbenzyl)imidazolium chloride,Page Text,NUD-2,Table Header
10.1002/chem.201602419,10.1002/chem.201602419,Table,journal_article,Chemistry – A European Journal,Wiley,1,Table Column,0.2,Table Column,0,Not Present,1,Page Text,0,Not Present,1,Page Text,1,Table Column,0,Not Present,360,Page Text,149.85,Page Text,1?Methyl?3?(2??methylbenzyl)imidazolium chloride,Page Text,NUD-2,Table Header
10.1002/chem.201602419,10.1002/chem.201602419,Table,journal_article,Chemistry – A European Journal,Wiley,1,Table Column,0.5,Table Column,0,Not Present,1,Page Text,0,Not Present,1,Page Text,1,Table Column,0,Not Present,360,Page Text,149.85,Page Text,1?Methyl?3?(2??methylbenzyl)imidazolium chloride,Page Text,NUD-2,Table Header
10.1007/s10853-016-9799-5,10.1007/s10853-016-9799-5,Table,journal_article,Journal of Materials Science,Springer Science and Business Media LLC,1,Table Column,1,Table Column,0,Not Present,0,Not Present,52.5,Table Column,4,Table Column,63.2,Table Column,0,Not Present,168,Footnote,170,Footnote,TMHDA,Table Header,Amorphous,Table Column
10.1007/s10853-016-9799-5,10.1007/s10853-016-9799-5,Table,journal_article,Journal of Materials Science,Springer Science and Business Media LLC,1,Table Column,1,Table Column,0,Not Present,0,Not Present,112.5,Table Column,4,Table Column,63.2,Table Column,0,Not Present,168,Footnote,170,Footnote,TMHDA,Table Header,ITH and amorphous,Table Column
10.1007/s10853-016-9799-5,10.1007/s10853-016-9799-5,Table,journal_article,Journal of Materials Science,Springer Science and Business Media LLC,1,Table Column,1.25,Table Column,0,Not Present,0,Not Present,84.375,Table Column,5,Table Column,126.375,Table Column,0,Not Present,168,Footnote,170,Footnote,TMHDA,Table Header,Amorphous,Table Column
10.1007/s10853-016-9799-5,10.1007/s10853-016-9799-5,Table,journal_article,Journal of Materials Science,Springer Science and Business Media LLC,1,Table Column,1.25,Table Column,0,Not Present,0,Not Present,46.875,Table Column,3.75,Table Column,46.75,Table Column,0,Not Present,168,Footnote,170,Footnote,TMHDA,Table Header,Amorphous,Table Column
10.1007/s10853-016-9799-5,10.1007/s10853-016-9799-5,Table,journal_article,Journal of Materials Science,Springer Science and Business Media LLC,1,Table Column,1.25,Table Column,0,Not Present,0,Not Present,121.875,Table Column,3.75,Table Column,46.75,Table Column,0,Not Present,168,Footnote,170,Footnote,TMHDA,Table Header,ITH,Table Column
10.1007/s10853-016-9799-5,10.1007/s10853-016-9799-5,Table,journal_article,Journal of Materials Science,Springer Science and Business Media LLC,1,Table Column,1.818,Table Column,0,Not Present,0,Not Present,163.636,Table Column,5.455,Table Column,68,Table Column,0,Not Present,168,Footnote,170,Footnote,TMHDA,Table Header,ITH,Table Column
10.1007/s10853-016-9799-5,10.1007/s10853-016-9799-5,Table,journal_article,Journal of Materials Science,Springer Science and Business Media LLC,1,Table Column,0.4,Table Column,0,Not Present,0,Not Present,42,Table Column,1.2,Table Column,13.08,Table Column,0,Not Present,168,Footnote,170,Footnote,TMHDA,Table Header,ITH,Table Column
10.1007/s10853-016-9799-5,10.1007/s10853-016-9799-5,Table,journal_article,Journal of Materials Science,Springer Science and Business Media LLC,1,Table Column,0.5,Table Column,0,Not Present,0,Not Present,45,Table Column,1.5,Table Column,18.7,Table Column,0,Not Present,168,Footnote,170,Footnote,TMHDA,Table Header,Cu-ITH and amorphous,Table Column
10.1007/s10853-016-9799-5,10.1007/s10853-016-9799-5,Table,journal_article,Journal of Materials Science,Springer Science and Business Media LLC,1,Table Column,0.5,Table Column,0,Not Present,0,Not Present,45,Table Column,1.5,Table Column,18.7,Table Column,0,Not Present,168,Footnote,170,Footnote,TMHDA,Table Header,Cu-ITH,Table Column
10.1007/s10853-016-9799-5,10.1007/s10853-016-9799-5,Table,journal_article,Journal of Materials Science,Springer Science and Business Media LLC,1,Table Column,0.5,Table Column,0,Not Present,0,Not Present,45,Table Column,1.5,Table Column,18.7,Table Column,0,Not Present,168,Footnote,170,Footnote,TMHDA,Table Header,Cu-ITH and amorphous,Table Column
10.1007/s10853-016-9799-5,10.1007/s10853-016-9799-5,Table,journal_article,Journal of Materials Science,Springer Science and Business Media LLC,1,Table Column,0.5,Table Column,0,Not Present,0,Not Present,45,Table Column,1.5,Table Column,18.7,Table Column,0,Not Present,168,Footnote,170,Footnote,TMHDA,Table Header,Cu-ITH and amorphous,Table Column
10.1007/s10853-016-9799-5,10.1007/s10853-016-9799-5,Table,journal_article,Journal of Materials Science,Springer Science and Business Media LLC,1,Table Column,0.5,Table Column,0,Not Present,0,Not Present,45,Table Column,1.5,Table Column,18.7,Table Column,0,Not Present,168,Footnote,170,Footnote,TMHDA,Table Header,Co-ITH and amorphous,Table Column
10.1007/s10853-016-9799-5,10.1007/s10853-016-9799-5,Table,journal_article,Journal of Materials Science,Springer Science and Business Media LLC,1,Table Column,0.5,Table Column,0,Not Present,0,Not Present,45,Table Column,1.5,Table Column,18.7,Table Column,0,Not Present,168,Footnote,170,Footnote,TMHDA,Table Header,Co-ITH and amorphous,Table Column
10.1007/s10853-016-9799-5,10.1007/s10853-016-9799-5,Table,journal_article,Journal of Materials Science,Springer Science and Business Media LLC,1,Table Column,0.5,Table Column,0,Not Present,0,Not Present,45,Table Column,1.5,Table Column,18.7,Table Column,0,Not Present,168,Footnote,170,Footnote,TMHDA,Table Header,Co-ITH,Table Column
10.1007/s10853-016-9799-5,10.1007/s10853-016-9799-5,Table,journal_article,Journal of Materials Science,Springer Science and Business Media LLC,1,Table Column,0.5,Table Column,0,Not Present,0,Not Present,45,Table Column,1.5,Table Column,18.7,Table Column,0,Not Present,168,Footnote,170,Footnote,TMHDA,Table Header,Co-ITH,Table Column
10.1007/s10934-015-0119-2,10.1007/s10934-015-0119-2,Table,journal_article,Journal of Porous Materials,Springer Science and Business Media LLC,1,Page Text,0.625,Table Column,0,Not Present,0,Not Present,45,Table Column,0.54,Table Column,35,Table Column,0,Not Present,48,Footnote,170,Footnote,TMEDA,Table Header,BEC,Table Column
10.1007/s10934-015-0119-2,10.1007/s10934-015-0119-2,Table,journal_article,Journal of Porous Materials,Springer Science and Business Media LLC,1,Page Text,0.625,Table Column,0,Not Present,0,Not Present,72,Table Column,0,Table Column,35,Table Column,0,Not Present,48,Footnote,170,Footnote,TMEDA,Table Header,amorphous,Table Column
10.1007/s10934-015-0119-2,10.1007/s10934-015-0119-2,Table,journal_article,Journal of Porous Materials,Springer Science and Business Media LLC,1,Page Text,0.5,Table Column,0,Not Present,0,Not Present,13.5,Table Column,0.54,Table Column,35,Table Column,0,Not Present,48,Footnote,170,Footnote,TMEDA,Table Header,AST,Table Column
10.1007/s10934-015-0119-2,10.1007/s10934-015-0119-2,Table,journal_article,Journal of Porous Materials,Springer Science and Business Media LLC,1,Page Text,0.5,Table Column,0,Not Present,0,Not Present,108,Table Column,0.54,Table Column,35,Table Column,0,Not Present,48,Footnote,170,Footnote,TMEDA,Table Header,BEC and AST,Table Column
10.1007/s10934-015-0119-2,10.1007/s10934-015-0119-2,Table,journal_article,Journal of Porous Materials,Springer Science and Business Media LLC,1,Page Text,0,Table Column,0,Not Present,0,Not Present,45,Table Column,1.77,Table Column,61,Table Column,0,Not Present,48,Footnote,170,Footnote,TMEDA,Table Header,amorphous,Table Column
10.1016/j.jssc.2014.12.031,10.1016/j.jssc.2014.12.031,Table,journal_article,Journal of Solid State Chemistry,Elsevier BV,1,Table Column,1.25,Table Column,0,Not Present,0,Not Present,15,Table Column,0,Table Column,54.25,Table Column,0,Not Present,744,Footnote,170,Footnote,"N,N-Diethylethylenediamine",Table Header,AST,Table Column
10.1016/j.jssc.2014.12.031,10.1016/j.jssc.2014.12.031,Table,journal_article,Journal of Solid State Chemistry,Elsevier BV,1,Table Column,1.25,Table Column,0,Not Present,0,Not Present,30,Table Column,0,Table Column,54.25,Table Column,0,Not Present,744,Footnote,170,Footnote,"N,N-Diethylethylenediamine",Table Header,GeO2,Table Column
10.1016/j.jssc.2014.12.031,10.1016/j.jssc.2014.12.031,Table,journal_article,Journal of Solid State Chemistry,Elsevier BV,1,Table Column,1.25,Table Column,0,Not Present,0,Not Present,45,Table Column,0,Table Column,54.25,Table Column,0,Not Present,744,Footnote,170,Footnote,"N,N-Diethylethylenediamine",Table Header,STW + amorphous,Table Column
10.1016/j.jssc.2014.12.031,10.1016/j.jssc.2014.12.031,Table,journal_article,Journal of Solid State Chemistry,Elsevier BV,1,Table Column,1.25,Table Column,0,Not Present,0,Not Present,2.5,Table Column,3.75,Table Column,54.25,Table Column,0,Not Present,48,Footnote,170,Footnote,"N,N-Diethylethylenediamine",Table Header,amorphous,Table Column
10.1016/j.jssc.2014.12.031,10.1016/j.jssc.2014.12.031,Table,journal_article,Journal of Solid State Chemistry,Elsevier BV,1,Table Column,1.25,Table Column,0,Not Present,0,Not Present,18.75,Table Column,3.75,Table Column,54.25,Table Column,0,Not Present,48,Footnote,170,Footnote,"N,N-Diethylethylenediamine",Table Header,STW,Table Column
10.1016/j.jssc.2014.12.031,10.1016/j.jssc.2014.12.031,Table,journal_article,Journal of Solid State Chemistry,Elsevier BV,1,Table Column,1.25,Table Column,0,Not Present,0,Not Present,60,Table Column,3.75,Table Column,54.25,Table Column,0,Not Present,48,Footnote,170,Footnote,"N,N-Diethylethylenediamine",Table Header,amorphous,Table Column
10.1016/j.jssc.2014.12.031,10.1016/j.jssc.2014.12.031,Table,journal_article,Journal of Solid State Chemistry,Elsevier BV,1,Table Column,1.25,Table Column,0,Not Present,0,Not Present,112.5,Table Column,3.75,Table Column,54.25,Table Column,0,Not Present,48,Footnote,170,Footnote,"N,N-Diethylethylenediamine",Table Header,MFI + amorphous,Table Column
10.1016/j.jssc.2014.12.031,10.1016/j.jssc.2014.12.031,Table,journal_article,Journal of Solid State Chemistry,Elsevier BV,1,Table Column,1.538,Table Column,0,Not Present,0,Not Present,18.462,Table Column,4.615,Table Column,66.769,Table Column,0,Not Present,48,Footnote,170,Footnote,"N,N-Diethylethylenediamine",Table Header,STW + GeO2,Table Column
10.1016/j.jssc.2014.12.031,10.1016/j.jssc.2014.12.031,Table,journal_article,Journal of Solid State Chemistry,Elsevier BV,1,Table Column,0.339,Table Column,0,Not Present,0,Not Present,4.068,Table Column,1.017,Table Column,14.712,Table Column,0,Not Present,48,Footnote,170,Footnote,"N,N-Diethylethylenediamine",Table Header,STW + amorphous,Table Column
10.1016/j.jssc.2014.12.031,10.1016/j.jssc.2014.12.031,Table,journal_article,Journal of Solid State Chemistry,Elsevier BV,1,Table Column,0.167,Table Column,0,Not Present,0,Not Present,2,Table Column,0.5,Table Column,7.233,Table Column,0,Not Present,48,Footnote,170,Footnote,"N,N-Diethylethylenediamine",Table Header,amorphous,Table Column
10.1016/j.jssc.2014.12.031,10.1016/j.jssc.2014.12.031,Table,journal_article,Journal of Solid State Chemistry,Elsevier BV,1,Table Column,1,Table Column,0,Not Present,0,Not Present,9.45,Table Column,3,Table Column,21.75,Table Column,0,Not Present,48,Footnote,170,Footnote,"N,N-Diethylethylenediamine",Table Header,STW + GeO2,Table Column
10.1016/j.jssc.2014.12.031,10.1016/j.jssc.2014.12.031,Table,journal_article,Journal of Solid State Chemistry,Elsevier BV,1,Table Column,1,Table Column,0,Not Present,0,Not Present,15,Table Column,3.75,Table Column,54.25,Table Column,0,Not Present,48,Footnote,170,Footnote,"N,N-Diethylethylenediamine",Table Header,STW + amorphous,Table Column
10.1016/j.jssc.2014.12.031,10.1016/j.jssc.2014.12.031,Table,journal_article,Journal of Solid State Chemistry,Elsevier BV,1,Table Column,0.111,Table Column,0,Not Present,0,Not Present,34.444,Table Column,3.333,Table Column,48.222,Table Column,0,Not Present,48,Footnote,170,Footnote,"N,N-Diethylethylenediamine",Table Header,amorphous,Table Column
10.1016/j.micromeso.2012.10.004,10.1016/j.micromeso.2012.10.004,Table,journal_article,Microporous and Mesoporous Materials,Elsevier BV,1,Table Column,0.5,Table Column,0,Not Present,0.1,Table Column,30,Footnote,0,Not Present,0.5,Table Column,0.067,Table Column,168,Table Column,170,Table Caption,"6-azoniaspiro-[5,5]-undecane hydroxide",Page Text,Chabazite+GeO2,Table Column
10.1016/j.micromeso.2012.10.004,10.1016/j.micromeso.2012.10.004,Table,journal_article,Microporous and Mesoporous Materials,Elsevier BV,1,Table Column,0.5,Table Column,0,Not Present,0.1,Table Column,30,Footnote,0,Not Present,0.5,Table Column,0.067,Table Column,336,Table Column,170,Table Caption,"6-azoniaspiro-[5,5]-undecane hydroxide",Page Text,Chabazite+GeO2,Table Column
10.1016/j.micromeso.2012.10.004,10.1016/j.micromeso.2012.10.004,Table,journal_article,Microporous and Mesoporous Materials,Elsevier BV,1,Table Column,0.2,Table Column,0,Not Present,0.1,Table Column,30,Footnote,0,Not Present,0.5,Table Column,0.067,Table Column,168,Table Column,170,Table Caption,"6-azoniaspiro-[5,5]-undecane hydroxide",Page Text,Amorphous+GeO2,Table Column
10.1016/j.micromeso.2012.10.004,10.1016/j.micromeso.2012.10.004,Table,journal_article,Microporous and Mesoporous Materials,Elsevier BV,1,Table Column,0.2,Table Column,0,Not Present,0.1,Table Column,30,Footnote,0,Not Present,0.5,Table Column,0.067,Table Column,336,Table Column,170,Table Caption,"6-azoniaspiro-[5,5]-undecane hydroxide",Page Text,Amorphous+chabazite+GeO2,Table Column
10.1016/j.micromeso.2012.10.004,10.1016/j.micromeso.2012.10.004,Table,journal_article,Microporous and Mesoporous Materials,Elsevier BV,1,Table Column,0.2,Table Column,0,Not Present,0.1,Table Column,30,Footnote,0,Not Present,1.1,Table Column,0.2,Table Column,168,Table Column,170,Table Caption,"6-azoniaspiro-[5,5]-undecane hydroxide",Page Text,Amorphous+GeO2+chabazite,Table Column
10.1016/j.micromeso.2012.10.004,10.1016/j.micromeso.2012.10.004,Table,journal_article,Microporous and Mesoporous Materials,Elsevier BV,1,Table Column,0.2,Table Column,0,Not Present,0.1,Table Column,30,Footnote,0,Not Present,1.1,Table Column,0.2,Table Column,336,Table Column,170,Table Caption,"6-azoniaspiro-[5,5]-undecane hydroxide",Page Text,Chabazite+beta+GeO2,Table Column
10.1016/j.micromeso.2012.10.004,10.1016/j.micromeso.2012.10.004,Table,journal_article,Microporous and Mesoporous Materials,Elsevier BV,1,Table Column,0.2,Table Column,0,Not Present,0.1,Table Column,30,Footnote,0,Not Present,1.3,Table Column,0.2,Table Column,168,Table Column,170,Table Caption,"6-azoniaspiro-[5,5]-undecane hydroxide",Page Text,Amorphous+chabazite,Table Column
10.1016/j.micromeso.2012.10.004,10.1016/j.micromeso.2012.10.004,Table,journal_article,Microporous and Mesoporous Materials,Elsevier BV,1,Table Column,0.2,Table Column,0,Not Present,0.1,Table Column,30,Footnote,0,Not Present,1.3,Table Column,0.2,Table Column,336,Table Column,170,Table Caption,"6-azoniaspiro-[5,5]-undecane hydroxide",Page Text,Chabazite+amorphous+GeO2+beta,Table Column
10.1016/j.micromeso.2012.10.004,10.1016/j.micromeso.2012.10.004,Table,journal_article,Microporous and Mesoporous Materials,Elsevier BV,1,Table Column,0.2,Table Column,0,Not Present,0.2,Table Column,30,Footnote,0,Not Present,1.4,Table Column,0.2,Table Column,168,Table Column,170,Table Caption,"6-azoniaspiro-[5,5]-undecane hydroxide",Page Text,Amorphous+GeO2,Table Column
10.1016/j.micromeso.2012.10.004,10.1016/j.micromeso.2012.10.004,Table,journal_article,Microporous and Mesoporous Materials,Elsevier BV,1,Table Column,0.2,Table Column,0,Not Present,0.2,Table Column,30,Footnote,0,Not Present,1.4,Table Column,0.2,Table Column,336,Table Column,170,Table Caption,"6-azoniaspiro-[5,5]-undecane hydroxide",Page Text,Chabazite+GeO2+beta,Table Column
10.1016/j.micromeso.2012.10.004,10.1016/j.micromeso.2012.10.004,Table,journal_article,Microporous and Mesoporous Materials,Elsevier BV,1,Table Column,0.5,Table Column,0,Not Present,0.1,Table Column,30,Footnote,0,Not Present,1.3,Table Column,0.2,Table Column,168,Table Column,170,Table Caption,"6-azoniaspiro-[5,5]-undecane hydroxide",Page Text,Chabazite+amorphous,Table Column
10.1016/j.micromeso.2012.10.004,10.1016/j.micromeso.2012.10.004,Table,journal_article,Microporous and Mesoporous Materials,Elsevier BV,1,Table Column,0.5,Table Column,0,Not Present,0.1,Table Column,30,Footnote,0,Not Present,1.3,Table Column,0.2,Table Column,336,Table Column,170,Table Caption,"6-azoniaspiro-[5,5]-undecane hydroxide",Page Text,Chabazite+beta,Table Column
10.1016/j.micromeso.2012.10.004,10.1016/j.micromeso.2012.10.004,Table,journal_article,Microporous and Mesoporous Materials,Elsevier BV,1,Table Column,0.5,Table Column,0,Not Present,0.1,Table Column,30,Footnote,0,Not Present,0.5,Table Column,0.1,Table Column,168,Table Column,170,Table Caption,"6-azoniaspiro-[5,5]-undecane hydroxide",Page Text,Na3HGe7O16*4H2O+GeO2 +chabazite,Table Column
10.1016/j.micromeso.2012.10.004,10.1016/j.micromeso.2012.10.004,Table,journal_article,Microporous and Mesoporous Materials,Elsevier BV,1,Table Column,0.5,Table Column,0,Not Present,0.1,Table Column,30,Footnote,0,Not Present,0.5,Table Column,0.1,Table Column,336,Table Column,170,Table Caption,"6-azoniaspiro-[5,5]-undecane hydroxide",Page Text,Chabazite+Na3HGe7O16*4H2O+GeO2,Table Column
10.1016/j.micromeso.2012.10.004,10.1016/j.micromeso.2012.10.004,Table,journal_article,Microporous and Mesoporous Materials,Elsevier BV,1,Table Column,0,Table Column,0,Not Present,0.5,Table Column,30,Footnote,0,Not Present,0.5,Table Column,0,Table Column,168,Table Column,170,Table Caption,"6-azoniaspiro-[5,5]-undecane hydroxide",Page Text,Amorphous,Table Column
10.1016/j.micromeso.2012.10.004,10.1016/j.micromeso.2012.10.004,Table,journal_article,Microporous and Mesoporous Materials,Elsevier BV,1,Table Column,0,Table Column,0,Not Present,0.5,Table Column,30,Footnote,0,Not Present,0.5,Table Column,0,Table Column,336,Table Column,170,Table Caption,"6-azoniaspiro-[5,5]-undecane hydroxide",Page Text,Amorphous,Table Column
10.1016/j.micromeso.2012.10.004,10.1016/j.micromeso.2012.10.004,Table,journal_article,Microporous and Mesoporous Materials,Elsevier BV,1,Table Column,0,Table Column,0,Not Present,0.1,Table Column,30,Footnote,0,Not Present,0.5,Table Column,0.067,Table Column,168,Table Column,170,Table Caption,"6-azoniaspiro-[5,5]-undecane hydroxide",Page Text,Amorphous,Table Column
10.1016/j.micromeso.2012.10.004,10.1016/j.micromeso.2012.10.004,Table,journal_article,Microporous and Mesoporous Materials,Elsevier BV,1,Table Column,0,Table Column,0,Not Present,0.1,Table Column,30,Footnote,0,Not Present,0.5,Table Column,0.067,Table Column,336,Table Column,170,Table Caption,"6-azoniaspiro-[5,5]-undecane hydroxide",Page Text,Amorphous+chabazite,Table Column
10.1016/j.micromeso.2012.10.004,10.1016/j.micromeso.2012.10.004,Table,journal_article,Microporous and Mesoporous Materials,Elsevier BV,1,Table Column,0.5,Table Column,0,Not Present,0.5,Table Column,30,Footnote,0,Not Present,0.5,Table Column,0,Table Column,168,Table Column,170,Table Caption,"6-azoniaspiro-[5,5]-undecane hydroxide",Page Text,Amorphous+ITQ-7+GeO2,Table Column
10.1016/j.micromeso.2012.10.004,10.1016/j.micromeso.2012.10.004,Table,journal_article,Microporous and Mesoporous Materials,Elsevier BV,1,Table Column,0.5,Table Column,0,Not Present,0.5,Table Column,30,Footnote,0,Not Present,0.5,Table Column,0,Table Column,336,Table Column,170,Table Caption,"6-azoniaspiro-[5,5]-undecane hydroxide",Page Text,ITQ-7+GeO2,Table Column
10.1016/j.micromeso.2012.06.036,10.1016/j.micromeso.2012.06.036,Table,journal_article,Microporous and Mesoporous Materials,Elsevier BV,1,Table Caption,1,Table Caption,0,Not Present,0.5,Table Caption,6,Table Header,0.4,Table Caption,0.5,Table Caption,0,Not Present,2,Table Header,130,Table Header,"3?,4?-dihydro-1?H-spiro[isoindoline-2,2?-isoquinolin]-2-ium",Page Text,Amorphous,Table Cell
10.1016/j.micromeso.2012.06.036,10.1016/j.micromeso.2012.06.036,Table,journal_article,Microporous and Mesoporous Materials,Elsevier BV,1,Table Caption,1,Table Caption,0,Not Present,0.5,Table Caption,6,Table Header,0.4,Table Caption,0.5,Table Caption,0,Not Present,6,Table Header,130,Table Header,"3?,4?-dihydro-1?H-spiro[isoindoline-2,2?-isoquinolin]-2-ium",Page Text,Amorphous,Table Cell
10.1016/j.micromeso.2012.06.036,10.1016/j.micromeso.2012.06.036,Table,journal_article,Microporous and Mesoporous Materials,Elsevier BV,1,Table Caption,1,Table Caption,0,Not Present,0.5,Table Caption,6,Table Header,0.4,Table Caption,0.5,Table Caption,0,Not Present,12,Table Header,130,Table Header,"3?,4?-dihydro-1?H-spiro[isoindoline-2,2?-isoquinolin]-2-ium",Page Text,Amorphous,Table Cell
10.1016/j.micromeso.2012.06.036,10.1016/j.micromeso.2012.06.036,Table,journal_article,Microporous and Mesoporous Materials,Elsevier BV,1,Table Caption,1,Table Caption,0,Not Present,0.5,Table Caption,6,Table Header,0.4,Table Caption,0.5,Table Caption,0,Not Present,24,Table Header,130,Table Header,"3?,4?-dihydro-1?H-spiro[isoindoline-2,2?-isoquinolin]-2-ium",Page Text,Amorphous,Table Cell
10.1016/j.micromeso.2012.06.036,10.1016/j.micromeso.2012.06.036,Table,journal_article,Microporous and Mesoporous Materials,Elsevier BV,1,Table Caption,1,Table Caption,0,Not Present,0.5,Table Caption,10,Table Header,0.4,Table Caption,0.5,Table Caption,0,Not Present,2,Table Header,130,Table Header,"3?,4?-dihydro-1?H-spiro[isoindoline-2,2?-isoquinolin]-2-ium",Page Text,Amorphous,Table Cell
10.1016/j.micromeso.2012.06.036,10.1016/j.micromeso.2012.06.036,Table,journal_article,Microporous and Mesoporous Materials,Elsevier BV,1,Table Caption,1,Table Caption,0,Not Present,0.5,Table Caption,10,Table Header,0.4,Table Caption,0.5,Table Caption,0,Not Present,6,Table Header,130,Table Header,"3?,4?-dihydro-1?H-spiro[isoindoline-2,2?-isoquinolin]-2-ium",Page Text,Amorphous,Table Cell
10.1016/j.micromeso.2012.06.036,10.1016/j.micromeso.2012.06.036,Table,journal_article,Microporous and Mesoporous Materials,Elsevier BV,1,Table Caption,1,Table Caption,0,Not Present,0.5,Table Caption,10,Table Header,0.4,Table Caption,0.5,Table Caption,0,Not Present,12,Table Header,130,Table Header,"3?,4?-dihydro-1?H-spiro[isoindoline-2,2?-isoquinolin]-2-ium",Page Text,ITQ-37,Table Cell
10.1016/j.micromeso.2012.06.036,10.1016/j.micromeso.2012.06.036,Table,journal_article,Microporous and Mesoporous Materials,Elsevier BV,1,Table Caption,1,Table Caption,0,Not Present,0.5,Table Caption,10,Table Header,0.4,Table Caption,0.5,Table Caption,0,Not Present,24,Table Header,130,Table Header,"3?,4?-dihydro-1?H-spiro[isoindoline-2,2?-isoquinolin]-2-ium",Page Text,ITQ-37,Table Cell
10.1016/j.micromeso.2012.06.036,10.1016/j.micromeso.2012.06.036,Table,journal_article,Microporous and Mesoporous Materials,Elsevier BV,1,Table Caption,1,Table Caption,0,Not Present,0.5,Table Caption,14,Table Header,0.4,Table Caption,0.5,Table Caption,0,Not Present,2,Table Header,130,Table Header,"3?,4?-dihydro-1?H-spiro[isoindoline-2,2?-isoquinolin]-2-ium",Page Text,Amorphous,Table Cell
10.1016/j.micromeso.2012.06.036,10.1016/j.micromeso.2012.06.036,Table,journal_article,Microporous and Mesoporous Materials,Elsevier BV,1,Table Caption,1,Table Caption,0,Not Present,0.5,Table Caption,14,Table Header,0.4,Table Caption,0.5,Table Caption,0,Not Present,6,Table Header,130,Table Header,"3?,4?-dihydro-1?H-spiro[isoindoline-2,2?-isoquinolin]-2-ium",Page Text,Amorphous,Table Cell
10.1016/j.micromeso.2012.06.036,10.1016/j.micromeso.2012.06.036,Table,journal_article,Microporous and Mesoporous Materials,Elsevier BV,1,Table Caption,1,Table Caption,0,Not Present,0.5,Table Caption,14,Table Header,0.4,Table Caption,0.5,Table Caption,0,Not Present,12,Table Header,130,Table Header,"3?,4?-dihydro-1?H-spiro[isoindoline-2,2?-isoquinolin]-2-ium",Page Text,Amorphous,Table Cell
10.1016/j.micromeso.2012.06.036,10.1016/j.micromeso.2012.06.036,Table,journal_article,Microporous and Mesoporous Materials,Elsevier BV,1,Table Caption,1,Table Caption,0,Not Present,0.5,Table Caption,14,Table Header,0.4,Table Caption,0.5,Table Caption,0,Not Present,24,Table Header,130,Table Header,"3?,4?-dihydro-1?H-spiro[isoindoline-2,2?-isoquinolin]-2-ium",Page Text,Amorphous,Table Cell
10.1016/j.micromeso.2012.06.036,10.1016/j.micromeso.2012.06.036,Table,journal_article,Microporous and Mesoporous Materials,Elsevier BV,1,Table Caption,1,Table Caption,0,Not Present,0.5,Table Caption,6,Table Header,0.4,Table Caption,0.5,Table Caption,0,Not Present,2,Table Header,150,Table Header,"3?,4?-dihydro-1?H-spiro[isoindoline-2,2?-isoquinolin]-2-ium",Page Text,Amorphous,Table Cell
10.1016/j.micromeso.2012.06.036,10.1016/j.micromeso.2012.06.036,Table,journal_article,Microporous and Mesoporous Materials,Elsevier BV,1,Table Caption,1,Table Caption,0,Not Present,0.5,Table Caption,6,Table Header,0.4,Table Caption,0.5,Table Caption,0,Not Present,6,Table Header,150,Table Header,"3?,4?-dihydro-1?H-spiro[isoindoline-2,2?-isoquinolin]-2-ium",Page Text,Amorphous,Table Cell
10.1016/j.micromeso.2012.06.036,10.1016/j.micromeso.2012.06.036,Table,journal_article,Microporous and Mesoporous Materials,Elsevier BV,1,Table Caption,1,Table Caption,0,Not Present,0.5,Table Caption,6,Table Header,0.4,Table Caption,0.5,Table Caption,0,Not Present,12,Table Header,150,Table Header,"3?,4?-dihydro-1?H-spiro[isoindoline-2,2?-isoquinolin]-2-ium",Page Text,ITQ-37,Table Cell
10.1016/j.micromeso.2012.06.036,10.1016/j.micromeso.2012.06.036,Table,journal_article,Microporous and Mesoporous Materials,Elsevier BV,1,Table Caption,1,Table Caption,0,Not Present,0.5,Table Caption,6,Table Header,0.4,Table Caption,0.5,Table Caption,0,Not Present,24,Table Header,150,Table Header,"3?,4?-dihydro-1?H-spiro[isoindoline-2,2?-isoquinolin]-2-ium",Page Text,ITQ-37,Table Cell
10.1016/j.micromeso.2012.06.036,10.1016/j.micromeso.2012.06.036,Table,journal_article,Microporous and Mesoporous Materials,Elsevier BV,1,Table Caption,1,Table Caption,0,Not Present,0.5,Table Caption,10,Table Header,0.4,Table Caption,0.5,Table Caption,0,Not Present,2,Table Header,150,Table Header,"3?,4?-dihydro-1?H-spiro[isoindoline-2,2?-isoquinolin]-2-ium",Page Text,ITQ-37,Table Cell
10.1016/j.micromeso.2012.06.036,10.1016/j.micromeso.2012.06.036,Table,journal_article,Microporous and Mesoporous Materials,Elsevier BV,1,Table Caption,1,Table Caption,0,Not Present,0.5,Table Caption,10,Table Header,0.4,Table Caption,0.5,Table Caption,0,Not Present,6,Table Header,150,Table Header,"3?,4?-dihydro-1?H-spiro[isoindoline-2,2?-isoquinolin]-2-ium",Page Text,ITQ-37,Table Cell
10.1016/j.micromeso.2012.06.036,10.1016/j.micromeso.2012.06.036,Table,journal_article,Microporous and Mesoporous Materials,Elsevier BV,1,Table Caption,1,Table Caption,0,Not Present,0.5,Table Caption,10,Table Header,0.4,Table Caption,0.5,Table Caption,0,Not Present,12,Table Header,150,Table Header,"3?,4?-dihydro-1?H-spiro[isoindoline-2,2?-isoquinolin]-2-ium",Page Text,ITQ-37,Table Cell
10.1016/j.micromeso.2012.06.036,10.1016/j.micromeso.2012.06.036,Table,journal_article,Microporous and Mesoporous Materials,Elsevier BV,1,Table Caption,1,Table Caption,0,Not Present,0.5,Table Caption,10,Table Header,0.4,Table Caption,0.5,Table Caption,0,Not Present,24,Table Header,150,Table Header,"3?,4?-dihydro-1?H-spiro[isoindoline-2,2?-isoquinolin]-2-ium",Page Text,ITQ-37,Table Cell
10.1016/j.micromeso.2012.06.036,10.1016/j.micromeso.2012.06.036,Table,journal_article,Microporous and Mesoporous Materials,Elsevier BV,1,Table Caption,1,Table Caption,0,Not Present,0.5,Table Caption,14,Table Header,0.4,Table Caption,0.5,Table Caption,0,Not Present,2,Table Header,150,Table Header,"3?,4?-dihydro-1?H-spiro[isoindoline-2,2?-isoquinolin]-2-ium",Page Text,Amorphous,Table Cell
10.1016/j.micromeso.2012.06.036,10.1016/j.micromeso.2012.06.036,Table,journal_article,Microporous and Mesoporous Materials,Elsevier BV,1,Table Caption,1,Table Caption,0,Not Present,0.5,Table Caption,14,Table Header,0.4,Table Caption,0.5,Table Caption,0,Not Present,6,Table Header,150,Table Header,"3?,4?-dihydro-1?H-spiro[isoindoline-2,2?-isoquinolin]-2-ium",Page Text,Amorphous,Table Cell
10.1016/j.micromeso.2012.06.036,10.1016/j.micromeso.2012.06.036,Table,journal_article,Microporous and Mesoporous Materials,Elsevier BV,1,Table Caption,1,Table Caption,0,Not Present,0.5,Table Caption,14,Table Header,0.4,Table Caption,0.5,Table Caption,0,Not Present,12,Table Header,150,Table Header,"3?,4?-dihydro-1?H-spiro[isoindoline-2,2?-isoquinolin]-2-ium",Page Text,Amorphous,Table Cell
10.1016/j.micromeso.2012.06.036,10.1016/j.micromeso.2012.06.036,Table,journal_article,Microporous and Mesoporous Materials,Elsevier BV,1,Table Caption,1,Table Caption,0,Not Present,0.5,Table Caption,14,Table Header,0.4,Table Caption,0.5,Table Caption,0,Not Present,24,Table Header,150,Table Header,"3?,4?-dihydro-1?H-spiro[isoindoline-2,2?-isoquinolin]-2-ium",Page Text,ITQ-37+ITQ-17,Table Cell
10.1016/j.micromeso.2012.06.036,10.1016/j.micromeso.2012.06.036,Table,journal_article,Microporous and Mesoporous Materials,Elsevier BV,1,Table Caption,1,Table Caption,0,Not Present,0.5,Table Caption,6,Table Header,0.4,Table Caption,0.5,Table Caption,0,Not Present,2,Table Header,170,Table Header,"3?,4?-dihydro-1?H-spiro[isoindoline-2,2?-isoquinolin]-2-ium",Page Text,ITQ-37,Table Cell
10.1016/j.micromeso.2012.06.036,10.1016/j.micromeso.2012.06.036,Table,journal_article,Microporous and Mesoporous Materials,Elsevier BV,1,Table Caption,1,Table Caption,0,Not Present,0.5,Table Caption,6,Table Header,0.4,Table Caption,0.5,Table Caption,0,Not Present,6,Table Header,170,Table Header,"3?,4?-dihydro-1?H-spiro[isoindoline-2,2?-isoquinolin]-2-ium",Page Text,ITQ-37,Table Cell
10.1016/j.micromeso.2012.06.036,10.1016/j.micromeso.2012.06.036,Table,journal_article,Microporous and Mesoporous Materials,Elsevier BV,1,Table Caption,1,Table Caption,0,Not Present,0.5,Table Caption,6,Table Header,0.4,Table Caption,0.5,Table Caption,0,Not Present,12,Table Header,170,Table Header,"3?,4?-dihydro-1?H-spiro[isoindoline-2,2?-isoquinolin]-2-ium",Page Text,ITQ-37,Table Cell
10.1016/j.micromeso.2012.06.036,10.1016/j.micromeso.2012.06.036,Table,journal_article,Microporous and Mesoporous Materials,Elsevier BV,1,Table Caption,1,Table Caption,0,Not Present,0.5,Table Caption,6,Table Header,0.4,Table Caption,0.5,Table Caption,0,Not Present,24,Table Header,170,Table Header,"3?,4?-dihydro-1?H-spiro[isoindoline-2,2?-isoquinolin]-2-ium",Page Text,ITQ-7,Table Cell
10.1016/j.micromeso.2012.06.036,10.1016/j.micromeso.2012.06.036,Table,journal_article,Microporous and Mesoporous Materials,Elsevier BV,1,Table Caption,1,Table Caption,0,Not Present,0.5,Table Caption,10,Table Header,0.4,Table Caption,0.5,Table Caption,0,Not Present,2,Table Header,170,Table Header,"3?,4?-dihydro-1?H-spiro[isoindoline-2,2?-isoquinolin]-2-ium",Page Text,ITQ-37,Table Cell
10.1016/j.micromeso.2012.06.036,10.1016/j.micromeso.2012.06.036,Table,journal_article,Microporous and Mesoporous Materials,Elsevier BV,1,Table Caption,1,Table Caption,0,Not Present,0.5,Table Caption,10,Table Header,0.4,Table Caption,0.5,Table Caption,0,Not Present,6,Table Header,170,Table Header,"3?,4?-dihydro-1?H-spiro[isoindoline-2,2?-isoquinolin]-2-ium",Page Text,ITQ-37,Table Cell
10.1016/j.micromeso.2012.06.036,10.1016/j.micromeso.2012.06.036,Table,journal_article,Microporous and Mesoporous Materials,Elsevier BV,1,Table Caption,1,Table Caption,0,Not Present,0.5,Table Caption,10,Table Header,0.4,Table Caption,0.5,Table Caption,0,Not Present,12,Table Header,170,Table Header,"3?,4?-dihydro-1?H-spiro[isoindoline-2,2?-isoquinolin]-2-ium",Page Text,ITQ-37,Table Cell
10.1016/j.micromeso.2012.06.036,10.1016/j.micromeso.2012.06.036,Table,journal_article,Microporous and Mesoporous Materials,Elsevier BV,1,Table Caption,1,Table Caption,0,Not Present,0.5,Table Caption,10,Table Header,0.4,Table Caption,0.5,Table Caption,0,Not Present,24,Table Header,170,Table Header,"3?,4?-dihydro-1?H-spiro[isoindoline-2,2?-isoquinolin]-2-ium",Page Text,ITQ-37,Table Cell
10.1016/j.micromeso.2012.06.036,10.1016/j.micromeso.2012.06.036,Table,journal_article,Microporous and Mesoporous Materials,Elsevier BV,1,Table Caption,1,Table Caption,0,Not Present,0.5,Table Caption,14,Table Header,0.4,Table Caption,0.5,Table Caption,0,Not Present,2,Table Header,170,Table Header,"3?,4?-dihydro-1?H-spiro[isoindoline-2,2?-isoquinolin]-2-ium",Page Text,ITQ-37,Table Cell
10.1016/j.micromeso.2012.06.036,10.1016/j.micromeso.2012.06.036,Table,journal_article,Microporous and Mesoporous Materials,Elsevier BV,1,Table Caption,1,Table Caption,0,Not Present,0.5,Table Caption,14,Table Header,0.4,Table Caption,0.5,Table Caption,0,Not Present,6,Table Header,170,Table Header,"3?,4?-dihydro-1?H-spiro[isoindoline-2,2?-isoquinolin]-2-ium",Page Text,ITQ-37,Table Cell
10.1016/j.micromeso.2012.06.036,10.1016/j.micromeso.2012.06.036,Table,journal_article,Microporous and Mesoporous Materials,Elsevier BV,1,Table Caption,1,Table Caption,0,Not Present,0.5,Table Caption,14,Table Header,0.4,Table Caption,0.5,Table Caption,0,Not Present,12,Table Header,170,Table Header,"3?,4?-dihydro-1?H-spiro[isoindoline-2,2?-isoquinolin]-2-ium",Page Text,ITQ-37+ITQ-17,Table Cell
10.1016/j.micromeso.2012.06.036,10.1016/j.micromeso.2012.06.036,Table,journal_article,Microporous and Mesoporous Materials,Elsevier BV,1,Table Caption,1,Table Caption,0,Not Present,0.5,Table Caption,14,Table Header,0.4,Table Caption,0.5,Table Caption,0,Not Present,24,Table Header,170,Table Header,"3?,4?-dihydro-1?H-spiro[isoindoline-2,2?-isoquinolin]-2-ium",Page Text,ITQ-37+ITQ-17,Table Cell
10.1016/j.jcrysgro.2009.08.031,10.1016/j.jcrysgro.2009.08.031,Table,journal_article,Journal of Crystal Growth,Elsevier BV,1,Table Column,0,Table Column,0,Not Present,0.25,Table Column,10,Table Column,0.5,Table Column,0.25,Table Column,0,Not Present,144,Table Column,200,Table Column,tetramethylammonium hydroxide,Page Text,MTN,Table Column
10.1016/j.jcrysgro.2009.08.031,10.1016/j.jcrysgro.2009.08.031,Table,journal_article,Journal of Crystal Growth,Elsevier BV,1,Table Column,0,Table Column,0,Not Present,0.25,Table Column,10,Table Column,0,Table Column,0.25,Table Column,0,Not Present,144,Table Column,200,Table Column,tetramethylammonium hydroxide,Page Text,"MTN, amorphous",Table Column
10.1016/j.jcrysgro.2009.08.031,10.1016/j.jcrysgro.2009.08.031,Table,journal_article,Journal of Crystal Growth,Elsevier BV,1,Table Column,0,Table Column,0,Not Present,0.25,Table Column,60,Table Column,0.5,Table Column,0.25,Table Column,0,Not Present,144,Table Column,200,Table Column,tetramethylammonium hydroxide,Page Text,"MTN, amorphous",Table Column
10.1016/j.jcrysgro.2009.08.031,10.1016/j.jcrysgro.2009.08.031,Table,journal_article,Journal of Crystal Growth,Elsevier BV,1,Table Column,0,Table Column,0,Not Present,0.25,Table Column,10,Table Column,0.5,Table Column,0.25,Table Column,0,Not Present,144,Table Column,200,Table Column,tetramethylammonium hydroxide,Page Text,MTN,Table Column
10.1016/j.jcrysgro.2009.08.031,10.1016/j.jcrysgro.2009.08.031,Table,journal_article,Journal of Crystal Growth,Elsevier BV,1,Table Column,0.176,Table Column,0,Not Present,0.294,Table Column,11.765,Table Column,0.588,Table Column,0.294,Table Column,0,Not Present,144,Table Column,200,Table Column,tetramethylammonium hydroxide,Page Text,MTN,Table Column
10.1016/j.jcrysgro.2009.08.031,10.1016/j.jcrysgro.2009.08.031,Table,journal_article,Journal of Crystal Growth,Elsevier BV,1,Table Column,0.493,Table Column,0,Not Present,0.373,Table Column,14.925,Table Column,0.746,Table Column,0.373,Table Column,0,Not Present,144,Table Column,200,Table Column,tetramethylammonium hydroxide,Page Text,"MTN, AST",Table Column
10.1016/j.jcrysgro.2009.08.031,10.1016/j.jcrysgro.2009.08.031,Table,journal_article,Journal of Crystal Growth,Elsevier BV,1,Table Column,1,Table Column,0,Not Present,0.5,Table Column,20,Table Column,1,Table Column,0.5,Table Column,0,Not Present,144,Table Column,200,Table Column,tetramethylammonium hydroxide,Page Text,AST,Table Column
10.1016/j.micromeso.2009.05.004,10.1016/j.micromeso.2009.05.004,Table,journal_article,Microporous and Mesoporous Materials,Elsevier BV,1,Table Column,0.493,Table Column,0,Not Present,0.746,Table Column,10.448,Table Column,0.746,Table Column,0.373,Table Column,0,Not Present,120,Table Column,150,Page Text,"4-Methyl-2,3,6,7-tetrahydro-1H,5H-pyrido[3.2.1-ij] quinolini- um hydroxide",Page Text,ITQ-29,Table Column
10.1016/j.micromeso.2009.05.004,10.1016/j.micromeso.2009.05.004,Table,journal_article,Microporous and Mesoporous Materials,Elsevier BV,1,Table Column,0.493,Table Column,0,Not Present,0.746,Table Column,10.448,Table Column,0.746,Table Column,0.373,Table Column,0,Not Present,120,Table Column,150,Page Text,"4-Methyl-2,3,6,7-tetrahydro-1H,5H-pyrido[3.2.1-ij] quinolini- um hydroxide",Page Text,"ITQ-29, AST",Table Column
10.1016/j.micromeso.2009.05.004,10.1016/j.micromeso.2009.05.004,Table,journal_article,Microporous and Mesoporous Materials,Elsevier BV,1,Table Column,0.493,Table Column,0,Not Present,0.746,Table Column,10.448,Table Column,0.746,Table Column,0.373,Table Column,0,Not Present,120,Table Column,150,Page Text,"4-Methyl-2,3,6,7-tetrahydro-1H,5H-pyrido[3.2.1-ij] quinolini- um hydroxide",Page Text,"ITQ-29, amorphous",Table Column
10.1016/j.micromeso.2009.05.004,10.1016/j.micromeso.2009.05.004,Table,journal_article,Microporous and Mesoporous Materials,Elsevier BV,1,Table Column,0.493,Table Column,0,Not Present,0.746,Table Column,10.448,Table Column,0.746,Table Column,0.373,Table Column,0,Not Present,120,Table Column,150,Page Text,"4-Methyl-2,3,6,7-tetrahydro-1H,5H-pyrido[3.2.1-ij] quinolini- um hydroxide",Page Text,ITQ-29,Table Column
10.1016/j.micromeso.2009.05.004,10.1016/j.micromeso.2009.05.004,Table,journal_article,Microporous and Mesoporous Materials,Elsevier BV,1,Table Column,0.493,Table Column,0,Not Present,0.746,Table Column,10.448,Table Column,0.746,Table Column,0.373,Table Column,0,Not Present,120,Table Column,150,Page Text,"4-Methyl-2,3,6,7-tetrahydro-1H,5H-pyrido[3.2.1-ij] quinolini- um hydroxide",Page Text,"ITQ-29, AST",Table Column
10.1016/j.micromeso.2009.05.004,10.1016/j.micromeso.2009.05.004,Table,journal_article,Microporous and Mesoporous Materials,Elsevier BV,1,Table Column,0.493,Table Column,0,Not Present,0.746,Table Column,10.448,Table Column,0.746,Table Column,0.373,Table Column,0,Not Present,120,Table Column,150,Page Text,"4-Methyl-2,3,6,7-tetrahydro-1H,5H-pyrido[3.2.1-ij] quinolini- um hydroxide",Page Text,"ITQ-29, AST",Table Column
10.1016/j.micromeso.2009.05.004,10.1016/j.micromeso.2009.05.004,Table,journal_article,Microporous and Mesoporous Materials,Elsevier BV,1,Table Column,0.493,Table Column,0,Not Present,0.746,Table Column,10.448,Table Column,0.746,Table Column,0.373,Table Column,0,Not Present,72,Table Column,150,Page Text,"4-Methyl-2,3,6,7-tetrahydro-1H,5H-pyrido[3.2.1-ij] quinolini- um hydroxide",Page Text,ITQ-29,Table Column
10.1016/j.micromeso.2009.05.004,10.1016/j.micromeso.2009.05.004,Table,journal_article,Microporous and Mesoporous Materials,Elsevier BV,1,Table Column,0.493,Table Column,0,Not Present,0.746,Table Column,10.448,Table Column,0.746,Table Column,0.373,Table Column,0,Not Present,120,Table Column,150,Page Text,"4-Methyl-2,3,6,7-tetrahydro-1H,5H-pyrido[3.2.1-ij] quinolini- um hydroxide",Page Text,ITQ-29,Table Column
10.1016/j.micromeso.2009.05.004,10.1016/j.micromeso.2009.05.004,Table,journal_article,Microporous and Mesoporous Materials,Elsevier BV,1,Table Column,0.493,Table Column,0,Not Present,0.746,Table Column,10.448,Table Column,0.746,Table Column,0.373,Table Column,0,Not Present,168,Table Column,150,Page Text,"4-Methyl-2,3,6,7-tetrahydro-1H,5H-pyrido[3.2.1-ij] quinolini- um hydroxide",Page Text,"ITQ-29, AST",Table Column
10.1016/j.micromeso.2009.05.004,10.1016/j.micromeso.2009.05.004,Table,journal_article,Microporous and Mesoporous Materials,Elsevier BV,1,Table Column,0.493,Table Column,0,Not Present,0.746,Table Column,10.448,Table Column,0.746,Table Column,0.373,Table Column,0,Not Present,240,Table Column,150,Page Text,"4-Methyl-2,3,6,7-tetrahydro-1H,5H-pyrido[3.2.1-ij] quinolini- um hydroxide",Page Text,AST,Table Column
10.1016/j.micromeso.2009.05.004,10.1016/j.micromeso.2009.05.004,Table,journal_article,Microporous and Mesoporous Materials,Elsevier BV,1,Table Column,0.493,Table Column,0,Not Present,0.746,Table Column,10.448,Table Column,0.746,Table Column,0.373,Table Column,0,Not Present,168,Table Column,150,Page Text,"4-Methyl-2,3,6,7-tetrahydro-1H,5H-pyrido[3.2.1-ij] quinolini- um hydroxide",Page Text,"ITQ-29, AST",Table Column
10.1016/j.micromeso.2009.05.004,10.1016/j.micromeso.2009.05.004,Table,journal_article,Microporous and Mesoporous Materials,Elsevier BV,1,Table Column,0.493,Table Column,0,Not Present,0.746,Table Column,44.776,Table Column,0.746,Table Column,0.373,Table Column,0,Not Present,168,Table Column,150,Page Text,"4-Methyl-2,3,6,7-tetrahydro-1H,5H-pyrido[3.2.1-ij] quinolini- um hydroxide",Page Text,ITQ-29,Table Column
10.1016/j.micromeso.2009.05.004,10.1016/j.micromeso.2009.05.004,Table,journal_article,Microporous and Mesoporous Materials,Elsevier BV,1,Table Column,0.493,Table Column,0,Not Present,0.746,Table Column,59.701,Table Column,0.746,Table Column,0.373,Table Column,0,Not Present,168,Table Column,150,Page Text,"4-Methyl-2,3,6,7-tetrahydro-1H,5H-pyrido[3.2.1-ij] quinolini- um hydroxide",Page Text,"ITQ-29, amorphous",Table Column
10.1016/j.micromeso.2009.05.004,10.1016/j.micromeso.2009.05.004,Table,journal_article,Microporous and Mesoporous Materials,Elsevier BV,1,Table Column,0.493,Table Column,0,Not Present,0.746,Table Column,119.403,Table Column,0.746,Table Column,0.373,Table Column,0,Not Present,168,Table Column,150,Page Text,"4-Methyl-2,3,6,7-tetrahydro-1H,5H-pyrido[3.2.1-ij] quinolini- um hydroxide",Page Text,"ITQ-29, amorphous",Table Column
10.1016/j.micromeso.2009.05.004,10.1016/j.micromeso.2009.05.004,Table,journal_article,Microporous and Mesoporous Materials,Elsevier BV,1,Table Column,0.493,Table Column,0,Not Present,0.746,Table Column,44.776,Table Column,0.746,Table Column,0.746,Table Column,0,Not Present,120,Table Column,150,Page Text,"4-Methyl-2,3,6,7-tetrahydro-1H,5H-pyrido[3.2.1-ij] quinolini- um hydroxide",Page Text,"ITQ-29, AST",Table Column
10.1016/j.micromeso.2009.05.004,10.1016/j.micromeso.2009.05.004,Table,journal_article,Microporous and Mesoporous Materials,Elsevier BV,1,Table Column,0.493,Table Column,0,Not Present,0.746,Table Column,44.776,Table Column,0.746,Table Column,0.56,Table Column,0,Not Present,120,Table Column,150,Page Text,"4-Methyl-2,3,6,7-tetrahydro-1H,5H-pyrido[3.2.1-ij] quinolini- um hydroxide",Page Text,"ITQ-29, AST",Table Column
10.1016/j.micromeso.2009.05.004,10.1016/j.micromeso.2009.05.004,Table,journal_article,Microporous and Mesoporous Materials,Elsevier BV,1,Table Column,0.493,Table Column,0,Not Present,0.746,Table Column,44.776,Table Column,0.746,Table Column,0.373,Table Column,0,Not Present,120,Table Column,150,Page Text,"4-Methyl-2,3,6,7-tetrahydro-1H,5H-pyrido[3.2.1-ij] quinolini- um hydroxide",Page Text,ITQ-29,Table Column
10.1016/j.micromeso.2009.05.004,10.1016/j.micromeso.2009.05.004,Table,journal_article,Microporous and Mesoporous Materials,Elsevier BV,1,Table Column,0.493,Table Column,0,Not Present,0.746,Table Column,44.776,Table Column,0.746,Table Column,0,Table Column,0,Not Present,120,Table Column,150,Page Text,"4-Methyl-2,3,6,7-tetrahydro-1H,5H-pyrido[3.2.1-ij] quinolini- um hydroxide",Page Text,"ITQ-29, unknown",Table Column
10.1016/j.micromeso.2009.05.004,10.1016/j.micromeso.2009.05.004,Table,journal_article,Microporous and Mesoporous Materials,Elsevier BV,1,Table Column,0.493,Table Column,0,Not Present,0.746,Table Column,44.776,Table Column,0,Table Column,0.373,Table Column,0,Not Present,120,Table Column,150,Page Text,"4-Methyl-2,3,6,7-tetrahydro-1H,5H-pyrido[3.2.1-ij] quinolini- um hydroxide",Page Text,ITQ-29,Table Column
10.1016/j.micromeso.2009.05.004,10.1016/j.micromeso.2009.05.004,Table,journal_article,Microporous and Mesoporous Materials,Elsevier BV,1,Table Column,0.493,Table Column,0,Not Present,0.746,Table Column,44.776,Table Column,0.373,Table Column,0.373,Table Column,0,Not Present,120,Table Column,150,Page Text,"4-Methyl-2,3,6,7-tetrahydro-1H,5H-pyrido[3.2.1-ij] quinolini- um hydroxide",Page Text,ITQ-29,Table Column
10.1016/j.micromeso.2009.05.004,10.1016/j.micromeso.2009.05.004,Table,journal_article,Microporous and Mesoporous Materials,Elsevier BV,1,Table Column,0.493,Table Column,0,Not Present,0.746,Table Column,44.776,Table Column,0.746,Table Column,0.373,Table Column,0,Not Present,120,Table Column,150,Page Text,"4-Methyl-2,3,6,7-tetrahydro-1H,5H-pyrido[3.2.1-ij] quinolini- um hydroxide",Page Text,ITQ-29,Table Column
10.1016/j.micromeso.2009.05.004,10.1016/j.micromeso.2009.05.004,Table,journal_article,Microporous and Mesoporous Materials,Elsevier BV,1,Table Column,0.493,Table Column,0,Not Present,0.746,Table Column,44.776,Table Column,1.119,Table Column,0.373,Table Column,0,Not Present,120,Table Column,150,Page Text,"4-Methyl-2,3,6,7-tetrahydro-1H,5H-pyrido[3.2.1-ij] quinolini- um hydroxide",Page Text,ITQ-29,Table Column
10.1016/j.micromeso.2009.05.004,10.1016/j.micromeso.2009.05.004,Table,journal_article,Microporous and Mesoporous Materials,Elsevier BV,1,Table Column,0.493,Table Column,0,Not Present,0.746,Table Column,44.776,Table Column,1.493,Table Column,0.373,Table Column,0,Not Present,120,Table Column,150,Page Text,"4-Methyl-2,3,6,7-tetrahydro-1H,5H-pyrido[3.2.1-ij] quinolini- um hydroxide",Page Text,ITQ-29,Table Column
10.1016/j.micromeso.2009.05.004,10.1016/j.micromeso.2009.05.004,Table,journal_article,Microporous and Mesoporous Materials,Elsevier BV,1,Table Column,0.493,Table Column,0,Not Present,0.746,Table Column,44.776,Table Column,1.866,Table Column,0.373,Table Column,0,Not Present,120,Table Column,150,Page Text,"4-Methyl-2,3,6,7-tetrahydro-1H,5H-pyrido[3.2.1-ij] quinolini- um hydroxide",Page Text,ITQ-29,Table Column
10.1016/j.micromeso.2009.05.004,10.1016/j.micromeso.2009.05.004,Table,journal_article,Microporous and Mesoporous Materials,Elsevier BV,1,Table Column,0,Table Column,0,Not Present,0.5,Table Column,30,Table Column,0.5,Table Column,0.373,Table Column,0,Not Present,120,Table Column,150,Page Text,"4-Methyl-2,3,6,7-tetrahydro-1H,5H-pyrido[3.2.1-ij] quinolini- um hydroxide",Page Text,Amorphous,Table Column
10.1016/j.micromeso.2009.05.004,10.1016/j.micromeso.2009.05.004,Table,journal_article,Microporous and Mesoporous Materials,Elsevier BV,1,Table Column,0.176,Table Column,0,Not Present,0.588,Table Column,35.294,Table Column,0.588,Table Column,0.373,Table Column,0,Not Present,120,Table Column,150,Page Text,"4-Methyl-2,3,6,7-tetrahydro-1H,5H-pyrido[3.2.1-ij] quinolini- um hydroxide",Page Text,"ITQ-29, Amorphous",Table Column
10.1016/j.micromeso.2009.05.004,10.1016/j.micromeso.2009.05.004,Table,journal_article,Microporous and Mesoporous Materials,Elsevier BV,1,Table Column,0.493,Table Column,0,Not Present,0.746,Table Column,44.776,Table Column,0.746,Table Column,0.373,Table Column,0,Not Present,120,Table Column,150,Page Text,"4-Methyl-2,3,6,7-tetrahydro-1H,5H-pyrido[3.2.1-ij] quinolini- um hydroxide",Page Text,ITQ-29,Table Column
10.1016/j.micromeso.2009.05.004,10.1016/j.micromeso.2009.05.004,Table,journal_article,Microporous and Mesoporous Materials,Elsevier BV,1,Table Column,1,Table Column,0,Not Present,1,Table Column,60,Table Column,1,Table Column,0.373,Table Column,0,Not Present,120,Table Column,150,Page Text,"4-Methyl-2,3,6,7-tetrahydro-1H,5H-pyrido[3.2.1-ij] quinolini- um hydroxide",Page Text,"ITQ-29, AST",Table Column
10.1016/j.micromeso.2009.05.004,10.1016/j.micromeso.2009.05.004,Table,journal_article,Microporous and Mesoporous Materials,Elsevier BV,1,Table Column,3,Table Column,0,Not Present,2,Table Column,120,Table Column,2,Table Column,0.373,Table Column,0,Not Present,120,Table Column,150,Page Text,"4-Methyl-2,3,6,7-tetrahydro-1H,5H-pyrido[3.2.1-ij] quinolini- um hydroxide",Page Text,"ITQ-29, AST",Table Column
10.1016/j.micromeso.2009.05.004,10.1016/j.micromeso.2009.05.004,Table,journal_article,Microporous and Mesoporous Materials,Elsevier BV,0,Table Column,1,Table Column,0,Not Present,0.5,Table Column,30,Table Column,0.5,Table Column,0.373,Table Column,0,Not Present,120,Table Column,150,Page Text,"4-Methyl-2,3,6,7-tetrahydro-1H,5H-pyrido[3.2.1-ij] quinolini- um hydroxide",Page Text,"AST, unknown",Table Column
10.1016/j.micromeso.2009.05.004,10.1016/j.micromeso.2009.05.004,Table,journal_article,Microporous and Mesoporous Materials,Elsevier BV,1,Table Column,0,Table Column,0,Not Present,0.5,Table Column,30,Table Column,0.5,Table Column,0.373,Table Column,0,Not Present,120,Table Column,150,Page Text,"4-Methyl-2,3,6,7-tetrahydro-1H,5H-pyrido[3.2.1-ij] quinolini- um hydroxide",Page Text,Amorphous,Table Column
10.1016/j.micromeso.2009.05.004,10.1016/j.micromeso.2009.05.004,Table,journal_article,Microporous and Mesoporous Materials,Elsevier BV,1,Table Column,0.176,Table Column,0,Not Present,0.588,Table Column,35.294,Table Column,0.588,Table Column,0.373,Table Column,0,Not Present,120,Table Column,150,Page Text,"4-Methyl-2,3,6,7-tetrahydro-1H,5H-pyrido[3.2.1-ij] quinolini- um hydroxide",Page Text,"ITQ-29, Amorphous",Table Column
10.1016/j.micromeso.2009.05.004,10.1016/j.micromeso.2009.05.004,Table,journal_article,Microporous and Mesoporous Materials,Elsevier BV,1,Table Column,0.493,Table Column,0,Not Present,0.746,Table Column,44.776,Table Column,0.746,Table Column,0.373,Table Column,0,Not Present,120,Table Column,150,Page Text,"4-Methyl-2,3,6,7-tetrahydro-1H,5H-pyrido[3.2.1-ij] quinolini- um hydroxide",Page Text,ITQ-29,Table Column
10.1016/j.micromeso.2009.05.004,10.1016/j.micromeso.2009.05.004,Table,journal_article,Microporous and Mesoporous Materials,Elsevier BV,1,Table Column,1,Table Column,0,Not Present,1,Table Column,60,Table Column,1,Table Column,0.373,Table Column,0,Not Present,120,Table Column,150,Page Text,"4-Methyl-2,3,6,7-tetrahydro-1H,5H-pyrido[3.2.1-ij] quinolini- um hydroxide",Page Text,ITQ-29,Table Column
10.1016/j.micromeso.2009.05.004,10.1016/j.micromeso.2009.05.004,Table,journal_article,Microporous and Mesoporous Materials,Elsevier BV,1,Table Column,3,Table Column,0,Not Present,2,Table Column,120,Table Column,2,Table Column,0.373,Table Column,0,Not Present,120,Table Column,150,Page Text,"4-Methyl-2,3,6,7-tetrahydro-1H,5H-pyrido[3.2.1-ij] quinolini- um hydroxide",Page Text,"ITQ-29, AST",Table Column
10.1016/j.micromeso.2009.05.004,10.1016/j.micromeso.2009.05.004,Table,journal_article,Microporous and Mesoporous Materials,Elsevier BV,0,Table Column,1,Table Column,0,Not Present,0.5,Table Column,30,Table Column,0.5,Table Column,0.373,Table Column,0,Not Present,120,Table Column,150,Page Text,"4-Methyl-2,3,6,7-tetrahydro-1H,5H-pyrido[3.2.1-ij] quinolini- um hydroxide",Page Text,"AST, unknown",Table Column
10.1016/j.jssc.2008.12.002,10.1016/j.jssc.2008.12.002,Table,journal_article,Journal of Solid State Chemistry,Elsevier BV,1,Table Column,0.667,Table Column,0,Not Present,0.8335,Table Column,33.34,Table Column,0,Table Column,0.8335,Table Column,0,Not Present,336,Page Text,170,Page Text,3-ethyl-1-methyl-3H-imidazol-1-ium,Table Caption,TON+MFI+argutite,Table Column
10.1016/j.jssc.2008.12.002,10.1016/j.jssc.2008.12.002,Table,journal_article,Journal of Solid State Chemistry,Elsevier BV,1,Table Column,0.667,Table Column,0,Not Present,1.667,Table Column,33.34,Table Column,0,Table Column,1.667,Table Column,0,Not Present,336,Page Text,170,Page Text,3-ethyl-1-methyl-3H-imidazol-1-ium,Table Caption,MFI+unknown,Table Column
10.1016/j.jssc.2008.12.002,10.1016/j.jssc.2008.12.002,Table,journal_article,Journal of Solid State Chemistry,Elsevier BV,1,Table Column,0,Table Column,0,Not Present,0.5,Table Column,8,Table Column,0.5,Table Column,0.5,Table Column,0,Not Present,336,Page Text,170,Page Text,3-ethyl-1-methyl-3H-imidazol-1-ium,Table Caption,Amorphous,Table Column
10.1016/j.jssc.2008.12.002,10.1016/j.jssc.2008.12.002,Table,journal_article,Journal of Solid State Chemistry,Elsevier BV,1,Table Column,0.25,Table Column,0,Not Present,0.625,Table Column,10,Table Column,0.625,Table Column,0.625,Table Column,0,Not Present,336,Page Text,170,Page Text,3-ethyl-1-methyl-3H-imidazol-1-ium,Table Caption,IM-16+unknown,Table Column
10.1016/j.jssc.2008.12.002,10.1016/j.jssc.2008.12.002,Table,journal_article,Journal of Solid State Chemistry,Elsevier BV,1,Table Column,0.667,Table Column,0,Not Present,0.8335,Table Column,13.336,Table Column,0.8335,Table Column,0.8335,Table Column,0,Not Present,336,Page Text,170,Page Text,3-ethyl-1-methyl-3H-imidazol-1-ium,Table Caption,IM-16+unknown,Table Column
10.1016/j.jssc.2008.12.002,10.1016/j.jssc.2008.12.002,Table,journal_article,Journal of Solid State Chemistry,Elsevier BV,1,Table Column,1.5,Table Column,0,Not Present,1.25,Table Column,20,Table Column,1.25,Table Column,1.25,Table Column,0,Not Present,336,Page Text,170,Page Text,3-ethyl-1-methyl-3H-imidazol-1-ium,Table Caption,quartz+IM-16,Table Column
10.1016/j.jssc.2008.12.002,10.1016/j.jssc.2008.12.002,Table,journal_article,Journal of Solid State Chemistry,Elsevier BV,1,Table Column,4,Table Column,0,Not Present,2.5,Table Column,40,Table Column,2.5,Table Column,2.5,Table Column,0,Not Present,336,Page Text,170,Page Text,3-ethyl-1-methyl-3H-imidazol-1-ium,Table Caption,quartz,Table Column
10.1016/j.jssc.2008.12.002,10.1016/j.jssc.2008.12.002,Table,journal_article,Journal of Solid State Chemistry,Elsevier BV,1,Table Column,0.25,Table Column,0,Not Present,0.75,Table Column,10,Table Column,0.5,Table Column,0.75,Table Column,0,Not Present,336,Page Text,170,Page Text,3-ethyl-1-methyl-3H-imidazol-1-ium,Table Caption,IM-16+unknown,Table Column
10.1016/j.jssc.2008.12.002,10.1016/j.jssc.2008.12.002,Table,journal_article,Journal of Solid State Chemistry,Elsevier BV,1,Table Column,0.667,Table Column,0,Not Present,1.667,Table Column,33.34,Table Column,0.8335,Table Column,1.667,Table Column,0,Not Present,336,Page Text,170,Page Text,3-ethyl-1-methyl-3H-imidazol-1-ium,Table Caption,IM-16+unknown,Table Column
10.1016/j.jssc.2008.12.002,10.1016/j.jssc.2008.12.002,Table,journal_article,Journal of Solid State Chemistry,Elsevier BV,1,Table Column,0.25,Table Column,0,Not Present,0.375,Table Column,3.75,Table Column,0.375,Table Column,0.375,Table Column,0,Not Present,336,Page Text,170,Page Text,3-ethyl-1-methyl-3H-imidazol-1-ium,Table Caption,IM-16+unknown,Table Column
10.1016/j.jssc.2008.12.002,10.1016/j.jssc.2008.12.002,Table,journal_article,Journal of Solid State Chemistry,Elsevier BV,1,Table Column,0.25,Table Column,0,Not Present,1.25,Table Column,25,Table Column,1.25,Table Column,1.25,Table Column,0,Not Present,336,Page Text,170,Page Text,3-ethyl-1-methyl-3H-imidazol-1-ium,Table Caption,IM-16+unknown,Table Column
10.1016/j.jssc.2008.12.002,10.1016/j.jssc.2008.12.002,Table,journal_article,Journal of Solid State Chemistry,Elsevier BV,1,Table Column,0.667,Table Column,0,Not Present,1.667,Table Column,33.34,Table Column,1.667,Table Column,1.667,Table Column,0,Not Present,336,Page Text,170,Page Text,3-ethyl-1-methyl-3H-imidazol-1-ium,Table Caption,IM-16+unknown,Table Column
10.1016/j.jssc.2008.12.002,10.1016/j.jssc.2008.12.002,Table,journal_article,Journal of Solid State Chemistry,Elsevier BV,1,Table Column,1,Table Column,0,Not Present,2,Table Column,40,Table Column,2,Table Column,2,Table Column,0,Not Present,336,Page Text,170,Page Text,3-ethyl-1-methyl-3H-imidazol-1-ium,Table Caption,IM-16+quartz,Table Column
10.1016/j.jssc.2008.12.002,10.1016/j.jssc.2008.12.002,Table,journal_article,Journal of Solid State Chemistry,Elsevier BV,1,Table Column,0.25,Table Column,0,Not Present,1.25,Table Column,25,Table Column,1.25,Table Column,1.25,Table Column,0,Not Present,336,Page Text,170,Page Text,3-ethyl-1-methyl-3H-imidazol-1-ium,Table Caption,IM-16+MFI,Table Column
10.1016/j.jssc.2008.12.002,10.1016/j.jssc.2008.12.002,Table,journal_article,Journal of Solid State Chemistry,Elsevier BV,1,Table Column,0.667,Table Column,0,Not Present,1.667,Table Column,33.34,Table Column,1.667,Table Column,1.667,Table Column,0,Not Present,336,Page Text,170,Page Text,3-ethyl-1-methyl-3H-imidazol-1-ium,Table Caption,IM-16+unknown,Table Column
10.1016/j.jssc.2008.12.002,10.1016/j.jssc.2008.12.002,Table,journal_article,Journal of Solid State Chemistry,Elsevier BV,1,Table Column,1,Table Column,0,Not Present,2,Table Column,40,Table Column,2,Table Column,2,Table Column,0,Not Present,336,Page Text,170,Page Text,3-ethyl-1-methyl-3H-imidazol-1-ium,Table Caption,IM-16,Table Column
10.1002/chem.200800416,10.1002/chem.200800416,Table,journal_article,Chemistry – A European Journal,Wiley,1,Table Column,0.5,Table Column,0,Not Present,0,Not Present,37.5,Table Column,0,Not Present,0.375,Table Column,0,Not Present,6,Page Text,175,Page Text,"(6R,10S)?6,10?dimethyl?5?azoniaspiro[4.5] decane hydroxide",Page Text,UTL,Table Header
10.1002/chem.200800416,10.1002/chem.200800416,Table,journal_article,Chemistry – A European Journal,Wiley,1,Table Column,0.5,Table Column,0,Not Present,0,Not Present,37.5,Table Column,0,Not Present,0.875,Table Column,0,Not Present,6,Page Text,175,Page Text,"(6R,10S)?6,10?dimethyl?5?azoniaspiro[4.5] decane hydroxide",Page Text,UTL,Table Header
10.1002/chem.200800416,10.1002/chem.200800416,Table,journal_article,Chemistry – A European Journal,Wiley,1,Table Column,0.5,Table Column,0,Not Present,0,Not Present,37.5,Table Column,0,Not Present,0.5,Table Column,0,Not Present,6,Page Text,175,Page Text,"(6R,10S)?6,10?dimethyl?5?azoniaspiro[4.5] decane hydroxide",Page Text,UTL,Table Header
10.1002/chem.200800416,10.1002/chem.200800416,Table,journal_article,Chemistry – A European Journal,Wiley,1,Table Column,0.5,Table Column,0,Not Present,0,Not Present,37.5,Table Column,0,Not Present,0.75,Table Column,0,Not Present,6,Page Text,175,Page Text,"(6R,10S)?6,10?dimethyl?5?azoniaspiro[4.5] decane hydroxide",Page Text,UTL,Table Header
10.1002/chem.200800416,10.1002/chem.200800416,Table,journal_article,Chemistry – A European Journal,Wiley,1,Table Column,0.2,Table Column,0,Not Present,0,Not Present,30,Table Column,0,Not Present,0.3,Table Column,0,Not Present,6,Page Text,175,Page Text,"(6R,10S)?6,10?dimethyl?5?azoniaspiro[4.5] decane hydroxide",Page Text,UTL,Table Header
10.1002/chem.200800416,10.1002/chem.200800416,Table,journal_article,Chemistry – A European Journal,Wiley,1,Table Column,1,Table Column,0,Not Present,0,Not Present,37.5,Table Column,0,Not Present,0.375,Table Column,0,Not Present,6,Page Text,175,Page Text,"(6R,10S)?6,10?dimethyl?5?azoniaspiro[4.5] decane hydroxide",Page Text,UTL,Table Header
10.1016/j.micromeso.2006.10.023,10.1016/j.micromeso.2006.10.023,Table,journal_article,Microporous and Mesoporous Materials,Elsevier BV,1,Table Column,0,Table Column,0,Not Present,1.5,Table Column,0,Table Column,0,Table Column,0,Not Present,0,Not Present,672,Table Column,179.85,Table Caption,None,Not Present,SOD,Table Column
10.1016/j.micromeso.2006.10.023,10.1016/j.micromeso.2006.10.023,Table,journal_article,Microporous and Mesoporous Materials,Elsevier BV,1,Table Column,0,Table Column,0,Not Present,1.5,Table Column,0.2,Table Column,0,Table Column,0,Not Present,0,Not Present,504,Table Column,179.85,Table Caption,None,Not Present,SOD,Table Column
10.1016/j.micromeso.2006.10.023,10.1016/j.micromeso.2006.10.023,Table,journal_article,Microporous and Mesoporous Materials,Elsevier BV,1,Table Column,0,Table Column,0,Not Present,1.5,Table Column,0.5,Table Column,0,Table Column,0,Not Present,0,Not Present,504,Table Column,179.85,Table Caption,None,Not Present,SOD,Table Column
10.1016/j.micromeso.2006.10.023,10.1016/j.micromeso.2006.10.023,Table,journal_article,Microporous and Mesoporous Materials,Elsevier BV,1,Table Column,0,Table Column,0,Not Present,1.5,Table Column,1,Table Column,0,Table Column,0,Not Present,0,Not Present,504,Table Column,179.85,Table Caption,None,Not Present,SOD,Table Column
10.1016/j.micromeso.2006.10.023,10.1016/j.micromeso.2006.10.023,Table,journal_article,Microporous and Mesoporous Materials,Elsevier BV,1,Table Column,0,Table Column,0,Not Present,1.5,Table Column,2,Table Column,0,Table Column,0,Not Present,0,Not Present,24,Table Column,179.85,Table Caption,None,Not Present,Quartz,Table Column
10.1016/j.micromeso.2006.10.023,10.1016/j.micromeso.2006.10.023,Table,journal_article,Microporous and Mesoporous Materials,Elsevier BV,1,Table Column,0,Table Column,0,Not Present,1.5,Table Column,3.5,Table Column,0,Table Column,0,Not Present,0,Not Present,24,Table Column,179.85,Table Caption,None,Not Present,Quartz,Table Column
10.1016/j.micromeso.2006.10.023,10.1016/j.micromeso.2006.10.023,Table,journal_article,Microporous and Mesoporous Materials,Elsevier BV,1,Table Column,0.25,Table Column,0,Not Present,1.875,Table Column,0,Table Column,0,Table Column,0,Not Present,0,Not Present,336,Table Column,179.85,Table Caption,None,Not Present,SOD,Table Column
10.1016/j.micromeso.2006.10.023,10.1016/j.micromeso.2006.10.023,Table,journal_article,Microporous and Mesoporous Materials,Elsevier BV,1,Table Column,0.493,Table Column,0,Not Present,2.239,Table Column,0,Table Column,0,Table Column,0,Not Present,0,Not Present,168,Table Column,179.85,Table Caption,None,Not Present,SOD,Table Column
10.1016/j.micromeso.2006.10.023,10.1016/j.micromeso.2006.10.023,Table,journal_article,Microporous and Mesoporous Materials,Elsevier BV,1,Table Column,1,Table Column,0,Not Present,3,Table Column,0,Table Column,0,Table Column,0,Not Present,0,Not Present,168,Table Column,179.85,Table Caption,None,Not Present,SOD,Table Column
10.1016/j.micromeso.2006.10.023,10.1016/j.micromeso.2006.10.023,Table,journal_article,Microporous and Mesoporous Materials,Elsevier BV,1,Table Column,0.493,Table Column,0,Not Present,2.239,Table Column,5.224,Table Column,0,Table Column,0,Not Present,0,Not Present,24,Table Column,179.85,Table Caption,None,Not Present,Quartz,Table Column
10.1016/j.micromeso.2006.10.023,10.1016/j.micromeso.2006.10.023,Table,journal_article,Microporous and Mesoporous Materials,Elsevier BV,1,Table Column,0,Table Column,0,Not Present,1.5,Table Column,3.5,Table Column,0.6,Table Column,0,Not Present,0,Not Present,336,Table Column,179.85,Table Caption,None,Not Present,SOD,Table Column
10.1016/j.micromeso.2006.10.023,10.1016/j.micromeso.2006.10.023,Table,journal_article,Microporous and Mesoporous Materials,Elsevier BV,1,Table Column,0.493,Table Column,0,Not Present,2.239,Table Column,5.224,Table Column,0.9,Table Column,0,Not Present,0,Not Present,168,Table Column,179.85,Table Caption,None,Not Present,SOD,Table Column
10.1016/s1387-1811(02)00612-1,10.1016/s1387-1811(02)00612-1,Table,journal_article,Microporous and Mesoporous Materials,Elsevier BV,1,Table Column,0.01,Table Column,0,Not Present,2.632,Table Column,22.462,Table Column,0,Not Present,0.051,Table Column,0,Not Present,24,Page Text,184.85,Page Text,TPAOH,Footnote,ZSM-5,Page Text
10.1016/s1387-1811(02)00612-1,10.1016/s1387-1811(02)00612-1,Table,journal_article,Microporous and Mesoporous Materials,Elsevier BV,1,Table Column,0.01,Table Column,0,Not Present,2.632,Table Column,22.462,Table Column,0,Not Present,0.051,Table Column,0,Not Present,24,Page Text,184.85,Page Text,TPAOH,Footnote,ZSM-5,Page Text
10.1016/s1387-1811(02)00612-1,10.1016/s1387-1811(02)00612-1,Table,journal_article,Microporous and Mesoporous Materials,Elsevier BV,1,Table Column,0.04,Table Column,0,Not Present,3.876,Table Column,22.462,Table Column,0,Not Present,0.051,Table Column,0,Not Present,24,Page Text,184.85,Page Text,TPAOH,Footnote,ZSM-5,Page Text
10.1016/s1387-1811(02)00612-1,10.1016/s1387-1811(02)00612-1,Table,journal_article,Microporous and Mesoporous Materials,Elsevier BV,1,Table Column,0.04,Table Column,0,Not Present,3.876,Table Column,22.462,Table Column,0,Not Present,0.051,Table Column,0,Not Present,24,Page Text,184.85,Page Text,TPAOH,Footnote,ZSM-5,Page Text
10.1016/s1387-1811(02)00612-1,10.1016/s1387-1811(02)00612-1,Table,journal_article,Microporous and Mesoporous Materials,Elsevier BV,1,Table Column,0.04,Table Column,0,Not Present,3.876,Table Column,22.462,Table Column,0,Not Present,0.051,Table Column,0,Not Present,24,Page Text,184.85,Page Text,TPAOH,Footnote,ZSM-5,Page Text
10.1016/s1387-1811(02)00612-1,10.1016/s1387-1811(02)00612-1,Table,journal_article,Microporous and Mesoporous Materials,Elsevier BV,1,Table Column,0.2,Table Column,0,Not Present,7.701,Table Column,22.462,Table Column,0,Not Present,0.051,Table Column,0,Not Present,24,Page Text,184.85,Page Text,TPAOH,Footnote,ZSM-5,Page Text
10.1016/s1387-1811(02)00612-1,10.1016/s1387-1811(02)00612-1,Table,journal_article,Microporous and Mesoporous Materials,Elsevier BV,1,Table Column,0.2,Table Column,0,Not Present,7.701,Table Column,22.462,Table Column,0,Not Present,0.051,Table Column,0,Not Present,24,Page Text,184.85,Page Text,TPAOH,Footnote,ZSM-5,Page Text
10.1016/s1387-1811(02)00612-1,10.1016/s1387-1811(02)00612-1,Table,journal_article,Microporous and Mesoporous Materials,Elsevier BV,1,Table Column,0.2,Table Column,0,Not Present,7.701,Table Column,22.462,Table Column,0,Not Present,0.051,Table Column,0,Not Present,24,Page Text,184.85,Page Text,TPAOH,Footnote,ZSM-5,Page Text
10.1002/(sici)1521-3773(19990301)38:5<653::aid-anie653>3.0.co;2-c,10.1002/(sici)1521-3773(19990301)38:5<653::aid-anie653>3.0.co;2-c,Text,journal_article,Angewandte Chemie International Edition,Wiley,0,Not Present,1,Page Text,0,Not Present,0,Not Present,31,Page Text,0.8,Page Text,2.4,Page Text,0,Not Present,96,Page Text,165,Page Text,piperazine,Page Text,ASU-14,
10.1002/1521-3773(20000703)39:13<2346::aid-anie2346>3.0.co;2-b,10.1002/1521-3773(20000703)39:13<2346::aid-anie2346>3.0.co;2-b,Text,journal_article,Angewandte Chemie International Edition,Wiley,1,Page Text,0,Not Present,0,Not Present,0.5,Page Text,3,Page Text,0.5,Page Text,0.5,Page Text,0.02,Page Text,168,Page Text,150,Page Text,"1,3,3-trimethyl-6-azonium-tricyclo[3.2.1.46,6]dodecane hydroxide",Page Text,ITQ-7,Page Text
10.1002/1521-3773(20010601)40:11<2166::aid-anie2166>3.0.co;2-c,10.1002/1521-3773(20010601)40:11<2166::aid-anie2166>3.0.co;2-c,Text,journal_article,Angewandte Chemie International Edition,Wiley,0,Not Present,1,Page Text,0,Not Present,0,Not Present,70.378,Page Text,0,Not Present,4.076,Page Text,0,Not Present,168,Page Text,180,Page Text,TREN,Page Text,FDU-4,Page Text
10.1002/1521-3773(20010618)40:12<2277::aid-anie2277>3.0.co;2-o,10.1002/1521-3773(20010618)40:12<2277::aid-anie2277>3.0.co;2-o,Text,journal_article,Angewandte Chemie International Edition,Wiley,1,Page Text,0.5,Page Text,0,Not Present,0.750750751,Page Text,12.01201201,Page Text,0.750750751,Page Text,0.750750751,Page Text,0,Not Present,15,Page Text,150,Page Text,"1?benzyl?1,4?diazabicyclo[2.2.2]octane",Page Text,polymorph C,Page Text
10.1002/1521-3773(20010618)40:12<2277::aid-anie2277>3.0.co;2-o,10.1002/1521-3773(20010618)40:12<2277::aid-anie2277>3.0.co;2-o,Text,journal_article,Angewandte Chemie International Edition,Wiley,1,Page Text,0.199279712,Page Text,0,Not Present,0.600240096,Page Text,9.603841537,Page Text,0.600240096,Page Text,0.600240096,Page Text,0,Not Present,15,Page Text,150,Page Text,"1?benzyl?1,4?diazabicyclo[2.2.2]octane",Page Text,polymorph C,Page Text
10.1002/1521-3773(20010618)40:12<2277::aid-anie2277>3.0.co;2-o,10.1002/1521-3773(20010618)40:12<2277::aid-anie2277>3.0.co;2-o,Text,journal_article,Angewandte Chemie International Edition,Wiley,1,Page Text,0.066168623,Page Text,0,Not Present,0.53361793,Page Text,8.537886873,Page Text,0.53361793,Page Text,0.53361793,Page Text,0,Not Present,15,Page Text,150,Page Text,"1?benzyl?1,4?diazabicyclo[2.2.2]octane",Page Text,polymorph C,Page Text
10.1002/anie.200461911,10.1002/anie.200461911,Text,journal_article,Angewandte Chemie International Edition,Wiley,0,Not Present,1,Page Text,0,Not Present,0,Not Present,20,Page Text,0,Not Present,8,Page Text,2,Page Text,192,Page Text,165,Page Text,DETA,Page Text,SU-16,Page Text
10.1002/anie.200801375,10.1002/anie.200801375,Text,journal_article,Angewandte Chemie International Edition,Wiley,0,Not Present,1,Page Text,0,Not Present,0,Not Present,58.6,Page Text,1.6,Page Text,4.7,Page Text,0,Not Present,132,Page Text,160,Page Text,2-methylpiperazine,Page Text,JLG-5,Page Text
10.1002/anie.201001506,10.1002/anie.201001506,Text,journal_article,Angewandte Chemie International Edition,Wiley,1,Page Text,0.5,Page Text,0.075,Page Text,0.373,Page Text,2.985,Page Text,0.299,Page Text,0.373,Page Text,0,Not Present,24,Page Text,175,Page Text,"(2??(R), 6??(S))?2?,6??dimethylspiro[isoindole?2,1??piperidin?1??ium] ",Page Text,ITQ-44,Page Text
10.1002/anie.201006500,10.1002/anie.201006500,Text,journal_article,Angewandte Chemie International Edition,Wiley,0,Not Present,1,Page Text,0,Not Present,0.86,Page Text,74.07,Page Text,1.85,Page Text,0.37,Page Text,0,Not Present,192,Page Text,180,Page Text,ethylenediamine,Page Text,GaGeO-CJ63,Page Text
10.1002/anie.201300846,10.1002/anie.201300846,Text,journal_article,Angewandte Chemie International Edition,Wiley,0,Not Present,1,Page Text,0,Not Present,0,Not Present,36.76,Page Text,0,Not Present,0.24,Page Text,0,Not Present,192,Page Text,180,Page Text,"1,2?diaminopropane",Page Text,GaGeO-JU-64,Page Text
10.1002/anie.201501718,10.1002/anie.201501718,Text,journal_article,Angewandte Chemie International Edition,Wiley,0,Not Present,1,Page Text,0,Not Present,0,Not Present,6,Page Text,0,Not Present,3.5,Page Text,0,Not Present,120,Page Text,150,Page Text,2?propanolamine,Page Text,PKU-17,Page Text
10.1002/anie.201506678,10.1002/anie.201506678,Text,journal_article,Angewandte Chemie International Edition,Wiley,1,Page Text,1,Page Text,0,Not Present,0,Not Present,1,Page Text,0.4,Page Text,0.4,Page Text,0,Not Present,144,Page Text,170,Page Text,Triphenylsulfonium,Page Text,GeZA germanosilicate,Page Text
10.1002/anie.201801386,10.1002/anie.201801386,Text,journal_article,Angewandte Chemie International Edition,Wiley,1,Page Text,1,Page Text,0,Not Present,1,Page Text,6,Page Text,1,Page Text,0.5,Page Text,0,Not Present,48,Page Text,160,Page Text,"N,N??dimethylsophoridinium",Page Text,SYSU-3,Page Text
10.1002/chem.201603434,10.1002/chem.201603434,Text,journal_article,Chemistry – A European Journal,Wiley,1,Page Text,0.1,Page Text,0,Not Present,0.278,Page Text,5.555555556,Page Text,0,Not Present,0.278,Page Text,0,Not Present,336,Page Text,175,Page Text,hexamethonium,Page Text,ITH,Page Text
10.1002/chem.201603434,10.1002/chem.201603434,Text,journal_article,Chemistry – A European Journal,Wiley,1,Page Text,1,Page Text,0,Not Present,28,Page Text,88,Page Text,2.8,Not Present,28,Page Text,0,Not Present,144,Page Text,175,Page Text,"N,N,N,N?tetramethyl?1,6?hexanediamine",Page Text,ITH,Page Text
10.1002/chem.201603434,10.1002/chem.201603434,Text,journal_article,Chemistry – A European Journal,Wiley,1,Page Text,0.25,Page Text,0,Not Present,0.313,Page Text,12.5,Page Text,0,Not Present,0.313,Page Text,0,Not Present,168,Page Text,175,Page Text,"1,5?bis(methylpyrrolidinium)pentane dihydroxide",Page Text,INot Present,Page Text
10.1002/chem.201603434,10.1002/chem.201603434,Text,journal_article,Chemistry – A European Journal,Wiley,1,Page Text,0.5,Page Text,0,Not Present,0.375,Page Text,15,Page Text,0,Not Present,0.375,Page Text,0,Not Present,168,Page Text,175,Page Text,"1,5?bis(methylpyrrolidinium)pentane dihydroxide",Page Text,INot Present,Page Text
10.1002/chem.201603434,10.1002/chem.201603434,Text,journal_article,Chemistry – A European Journal,Wiley,1,Page Text,0.5,Page Text,0,Not Present,0.375,Page Text,45,Page Text,0,Not Present,0.375,Page Text,0,Not Present,144,Page Text,175,Page Text,"(6R,10S)?6,10?dimethyl?5?azoniaspiro[4,5]decane ",Page Text,UTL,Page Text
10.1002/chem.201603434,10.1002/chem.201603434,Text,journal_article,Chemistry – A European Journal,Wiley,1,Page Text,0.205,Page Text,0,Not Present,0.301,Page Text,36.144,Page Text,0,Not Present,0.301,Page Text,0,Not Present,144,Page Text,175,Page Text,"(6R,10S)?6,10?dimethyl?5?azoniaspiro[4,5]decane ",Page Text,UTL,Page Text
10.1002/chem.201703361,10.1002/chem.201703361,Text,journal_article,Chemistry – A European Journal,Wiley,1,Page Text,0.4,Page Text,0,Not Present,0.6,Page Text,20,Page Text,0.6,Page Text,0.6,Page Text,0,Not Present,120,Page Text,170,Page Text,4-pyrrolidinopyridine,Page Text,SCM-14,Page Text
10.1007/s10934-015-0051-5,10.1007/s10934-015-0051-5,Text,journal_article,Journal of Porous Materials,Springer Science and Business Media LLC,1,Page Text,0.1,Page Text,0,Not Present,0.3,Page Text,5,Page Text,0,Not Present,0.3,Page Text,0,Not Present,72,Page Text,170,Page Text,tetramethylammonium hydroxide,Page Text,PLS-1,Page Text
10.1007/s11144-009-0129-7,10.1007/s11144-009-0129-7,Text,journal_article,"Reaction Kinetics, Mechanisms and Catalysis",Springer Science and Business Media LLC,1,Page Text,0.05,Page Text,0.01,Page Text,0.5,Page Text,5,Page Text,0.56,Page Text,0.25,Page Text,0,Not Present,360,Page Text,135,Page Text,hexamethonium dihydroxide,Page Text,ITQ-13,Page Text
10.1007/s11244-013-0170-7,10.1007/s11244-013-0170-7,Text,journal_article,Topics in Catalysis,Springer Science and Business Media LLC,1,Page Text,0.098901099,Page Text,0.010989011,Page Text,0.549,Page Text,5.494505495,Page Text,0.615384615,Page Text,0.275,Page Text,0,Not Present,336,Page Text,160,Page Text,hexamethonium dihydroxide,Page Text,ITQ-13,Page Text
10.1016/j.cattod.2012.10.002,10.1016/j.cattod.2012.10.002,Text,journal_article,Catalysis Today,Elsevier BV,1,Page Text,0.511508951,Page Text,0.023,Page Text,0.895140665,Page Text,38.36317136,Page Text,0,Not Present,0.895,Page Text,0,Not Present,480,Page Text,175,Page Text,7-ethyl-6-azoniaspiro[5.5]undecane hydroxide,Page Text,UTL,Page Text
10.1016/j.cattod.2013.10.051,10.1016/j.cattod.2013.10.051,Text,journal_article,Catalysis Today,Elsevier BV,1,Page Text,0.513513514,Page Text,0,Not Present,0.73,Page Text,37.83783784,Page Text,0,Not Present,0.72972973,Page Text,0,Not Present,144,Page Text,175,Page Text,"(6R,10S)-6,10-Dimethyl-5-anizosporo[4.5]decane hydroxide",Page Text,UTL,Page Text
10.1016/j.cattod.2014.06.041,10.1016/j.cattod.2014.06.041,Text,journal_article,Catalysis Today,Elsevier BV,1,Page Text,0.5,Page Text,0,Not Present,0.75,Page Text,8.333333333,Page Text,0,Not Present,0.375,Page Text,0.167,Page Text,240,Page Text,175,Page Text,hexamethonium dihydroxide,Page Text,IWR,Page Text
10.1016/j.inoche.2013.11.010,10.1016/j.inoche.2013.11.010,Text,journal_article,Inorganic Chemistry Communications,Elsevier BV,0,Not Present,1,Page Text,0,Not Present,4,Page Text,0,Not Present,0,Not Present,8,Page Text,0,Not Present,180,Page Text,180,Page Text,diethylenetriamine,Page Text,CCUT-9,Page Text
10.1016/j.jcat.2007.12.003,10.1016/j.jcat.2007.12.003,Text,journal_article,Journal of Catalysis,Elsevier BV,1,Page Text,0.492537313,Page Text,0.074626866,Page Text,0.448,Page Text,2.23880597,Page Text,0.447761194,Page Text,0.224,Page Text,0,Not Present,5,Page Text,170,Page Text,hexamethonium hydroxide,Page Text,ITQ-33,Page Text
10.1016/j.jcat.2009.08.012,10.1016/j.jcat.2009.08.012,Text,journal_article,Journal of Catalysis,Elsevier BV,1,Page Text,0.5,Page Text,0.03,Page Text,0.758,Page Text,22.727,Page Text,0,Not Present,0.379,Page Text,0,Not Present,288,Page Text,175,Page Text,"1,5-bis-(methylpyrrolidinium)-pentane hydroxide",Page Text,ITQ-22,Page Text
10.1016/j.micromeso.2006.11.005,10.1016/j.micromeso.2006.11.005,Text,journal_article,Microporous and Mesoporous Materials,Elsevier BV,1,Page Text,1.111,Page Text,0,Not Present,0,Not Present,105.545,Page Text,4,Page Text,31.555,Page Text,0,Not Present,240,Page Text,175,Page Text,"1,2-diaminopropane",Page Text,SU-21,Page Text
10.1016/j.micromeso.2008.06.036,10.1016/j.micromeso.2008.06.036,Text,journal_article,Microporous and Mesoporous Materials,Elsevier BV,1,Page Text,1,Page Text,2,Page Text,0,Not Present,116,Page Text,0,Not Present,62,Page Text,0,Not Present,168,Page Text,170,Page Text,ethylenediamine,Page Text,SU-57,Page Text
10.1016/j.micromeso.2010.10.050,10.1016/j.micromeso.2010.10.050,Text,journal_article,Microporous and Mesoporous Materials,Elsevier BV,1,Page Text,0.2,Page Text,0.08,Page Text,0.65,Page Text,8.7,Page Text,0.65,Page Text,0.65,Page Text,0,Not Present,144,Page Text,175,Page Text,1-Cyclohexylpyrrolidine,Page Text,ITQ-7,Page Text
10.1016/j.micromeso.2014.02.010,10.1016/j.micromeso.2014.02.010,Text,journal_article,Microporous and Mesoporous Materials,Elsevier BV,1,Page Text,0.5,Page Text,0,Not Present,0.750750751,Page Text,11.26126126,Page Text,0.750750751,Page Text,0.750750751,Page Text,0,Not Present,96,Page Text,140,Page Text,tetramethylammonium hydroxide,Page Text,ITQ-17,Page Text
10.1016/j.micromeso.2014.02.010,10.1016/j.micromeso.2014.02.010,Text,journal_article,Microporous and Mesoporous Materials,Elsevier BV,1,Page Text,0.5,Page Text,0,Not Present,0.75075,Page Text,11.2613,Page Text,0.75075,Page Text,0.75075,Page Text,0,Not Present,24,Page Text,150,Page Text,"1-benzyl-4-aza-1-azoniacyclo[2,2,2]octane hydroxide",Page Text,ITQ-17,Page Text
10.1016/j.micromeso.2014.02.010,10.1016/j.micromeso.2014.02.010,Text,journal_article,Microporous and Mesoporous Materials,Elsevier BV,1,Page Text,0.199279712,Page Text,0,Not Present,0.60024,Page Text,2.400960384,Page Text,0,Page Text,0.30012,Page Text,0,Not Present,336,Page Text,175,Page Text,hexamethonium hydroxide,Page Text,ITQ-17,Page Text
10.1016/j.micromeso.2016.11.023,10.1016/j.micromeso.2016.11.023,Text,journal_article,Microporous and Mesoporous Materials,Elsevier BV,1,Page Text,0,Page Text,0,Not Present,0.54,Page Text,5.6,Page Text,0.42,Page Text,0.54,Page Text,0,Not Present,360,Page Text,140,Page Text,tetramethylammonium hydroxide,Page Text,*BEA,Page Text
10.1016/j.solidstatesciences.2007.08.002,10.1016/j.solidstatesciences.2007.08.002,Text,journal_article,Solid State Sciences,Elsevier BV,0,Not Present,1,Page Text,0,Not Present,0,Not Present,40,Page Text,0,Not Present,0.5,Page Text,0,Not Present,336,Page Text,170,Page Text,ethylenediamine,Page Text,IM-14,Page Text
10.1016/s1387-1811(00)00221-3,10.1016/s1387-1811(00)00221-3,Text,journal_article,Microporous and Mesoporous Materials,Elsevier BV,0,Not Present,1,Page Text,0.25,Page Text,1.25,Page Text,39.167,Page Text,0,Not Present,0,Not Present,0,Not Present,24,Page Text,170,Page Text,,Not Present,AlGe-CAN,Page Text
10.1016/s1387-1811(00)00221-3,10.1016/s1387-1811(00)00221-3,Text,journal_article,Microporous and Mesoporous Materials,Elsevier BV,0,Not Present,1,Page Text,0,Page Text,1.333,Page Text,40,Page Text,0,Not Present,0,Not Present,0,Not Present,120,Page Text,110,Page Text,,Not Present,GaGe-CAN,Page Text
10.1016/s1387-1811(02)00270-6,10.1016/s1387-1811(02)00270-6,Text,journal_article,Microporous and Mesoporous Materials,Elsevier BV,0,Not Present,1,Page Text,1.025,Page Text,0.745,Page Text,0,Not Present,0,Not Present,2.391,Page Text,0,Not Present,120,Page Text,175,Page Text,tetramethylammonium hydroxide,Page Text,MON,Page Text
10.1016/s1387-1811(02)00270-6,10.1016/s1387-1811(02)00270-6,Text,journal_article,Microporous and Mesoporous Materials,Elsevier BV,0,Not Present,1,Page Text,1.025,Page Text,1.116,Page Text,0,Not Present,0,Not Present,4.01,Page Text,0,Not Present,120,Page Text,175,Page Text,tetramethylammonium hydroxide,Page Text,ANA,Page Text
10.1016/s1387-1811(02)00270-6,10.1016/s1387-1811(02)00270-6,Text,journal_article,Microporous and Mesoporous Materials,Elsevier BV,0,Not Present,1,Page Text,1.025,Page Text,0.34,Page Text,0,Not Present,0,Not Present,0.2441,Page Text,0,Not Present,120,Page Text,175,Page Text,tetramethylammonium hydroxide,Page Text,paracelsian,Page Text
10.1016/s1387-1811(98)00294-7,10.1016/s1387-1811(98)00294-7,Text,journal_article,Microporous and Mesoporous Materials,Elsevier BV,0,Not Present,1,Page Text,1,Page Text,0,Not Present,35,Page Text,0,Not Present,0,Not Present,0,Not Present,6,Page Text,60,Page Text,,Not Present,RHO,Page Text
10.1016/s1387-1811(99)00070-0,10.1016/s1387-1811(99)00070-0,Text,journal_article,Microporous and Mesoporous Materials,Elsevier BV,0,Not Present,1,Page Text,1,Page Text,0,Not Present,25,Page Text,0,Not Present,0,Not Present,0,Not Present,4,Page Text,90,Page Text,,Not Present,Zeolite X,Page Text
10.1016/s1387-1811(99)00177-8,10.1016/s1387-1811(99)00177-8,Text,journal_article,Microporous and Mesoporous Materials,Elsevier BV,0,Not Present,1,Page Text,1,Page Text,0.5,Page Text,50,Page Text,0,Not Present,0,Not Present,0,Not Present,120,Page Text,110,Page Text,,Not Present,ABW,Page Text
10.1016/s1387-1811(99)00263-2,10.1016/s1387-1811(99)00263-2,Text,journal_article,Microporous and Mesoporous Materials,Elsevier BV,0,Not Present,1,Page Text,1,Page Text,0.728,Page Text,24.612,Page Text,0,Not Present,0,Not Present,0,Not Present,336,Page Text,225,Page Text,,Not Present,JBW,Page Text
10.1038/nature00924,10.1038/nature00924,Text,journal_article,Nature,Springer Science and Business Media LLC,1,Page Text,0.493,Page Text,0,Page Text,0.746268657,Page Text,29.85074627,Page Text,0.746268657,Page Text,0.746268657,Page Text,0,Not Present,120,Page Text,174.85,Page Text,N-metylsparteinium hydroxide,Page Text,ITQ-21,Page Text
10.1038/nature00924,10.1038/nature00924,Text,journal_article,Nature,Springer Science and Business Media LLC,1,Page Text,0.099,Page Text,0.022,Page Text,0.549450549,Page Text,3.296703297,Page Text,0.549450549,Page Text,0.549450549,Page Text,0,Not Present,120,Page Text,174.85,Page Text,N-metylsparteinium hydroxide,Page Text,ITQ-21,Page Text
10.1038/nature04097,10.1038/nature04097,Text,journal_article,Nature,Springer Science and Business Media LLC,0,Not Present,1,Page Text,0,Not Present,9,Page Text,39,Page Text,0,Page Text,9,Page Text,0,Not Present,168,Page Text,165,Page Text,2-methylpentamethylenediamine,Page Text,SU-M,Page Text
10.1038/nature04097,10.1038/nature04097,Text,journal_article,Nature,Springer Science and Business Media LLC,0,Not Present,1,Page Text,0,Not Present,9,Page Text,39,Page Text,1.5,Page Text,9,Page Text,0,Not Present,264,Page Text,165,Page Text,2-methylpentamethylenediamine,Page Text,SU-MB,Page Text
10.1038/nature07957,10.1038/nature07957,Text,journal_article,Nature,Springer Science and Business Media LLC,1,Page Text,1,Page Text,0,Page Text,1,Page Text,6,Page Text,1,Page Text,0.5,Page Text,0,Not Present,24,Page Text,175,Page Text,diquaternary ammonium,Page Text,ITQ-37,Page Text
10.1038/nature07957,10.1038/nature07957,Text,journal_article,Nature,Springer Science and Business Media LLC,1,Page Text,1,Page Text,0.02,Page Text,1,Page Text,6,Page Text,1,Page Text,0.5,Page Text,0,Not Present,24,Page Text,175,Page Text,diquaternary ammonium,Page Text,ITQ-37,Page Text
10.1038/nchem.2761,10.1038/nchem.2761,Text,journal_article,Nature Chemistry,Springer Science and Business Media LLC,1,Page Text,0.5,Page Text,0,Not Present,0.5,Page Text,47.5,Page Text,0,Not Present,0.5,Page Text,0,Not Present,312,Page Text,175,Page Text,"(6R,10S)-6,10-dimethyl-5-azoniaspiro[4,5]decane hydroxide",Page Text,UTL,Page Text
10.1038/nmat921,10.1038/nmat921,Text,journal_article,Nature Materials,Springer Science and Business Media LLC,1,Page Text,0.5,Page Text,0,Page Text,0.756,Page Text,5.303030303,Page Text,0,Not Present,0.379,Page Text,0,Not Present,168,Page Text,175,Page Text,1-methyl-4-phenylpyridinium  hydroxide,Page Text,ITQ-22,Page Text
10.1038/nmat921,10.1038/nmat921,Text,journal_article,Nature Materials,Springer Science and Business Media LLC,1,Page Text,0.5,Page Text,0.015151515,Page Text,0.756,Page Text,22.72727273,Page Text,0,Not Present,0.379,Page Text,0,Not Present,288,Page Text,175,Page Text,1-methyl-4-phenylpyridinium  hydroxide,Page Text,ITQ-22,Page Text